[
{
  "model": "auth.user",
  "pk": 1,
  "fields": {
    "password": "pbkdf2_sha256$720000$9iAfyiKHKWHgTkeEXy50vw$ZFYd4xjsSKwyVZVRHELH64ncX7QxFuWCGs+N+DpYsPI=",
    "last_login": "2023-12-31T00:30:08.215Z",
    "is_superuser": true,
    "username": "sdoolittle",
    "first_name": "",
    "last_name": "",
    "email": "sdoolittle@yolocounty.org",
    "is_staff": true,
    "is_active": true,
    "date_joined": "2023-12-31T00:29:45.353Z",
    "groups": [],
    "user_permissions": []
  }
},
{
  "model": "permits.division",
  "pk": 1,
  "fields": {
    "prefix": "BP",
    "title": "Building"
  }
},
{
  "model": "permits.division",
  "pk": 2,
  "fields": {
    "prefix": "BL",
    "title": "Business Licenses"
  }
},
{
  "model": "permits.division",
  "pk": 3,
  "fields": {
    "prefix": "CE",
    "title": "Code Enforcement"
  }
},
{
  "model": "permits.division",
  "pk": 4,
  "fields": {
    "prefix": "PW",
    "title": "Public Works"
  }
},
{
  "model": "permits.division",
  "pk": 5,
  "fields": {
    "prefix": "ZF",
    "title": "Planning"
  }
},
{
  "model": "fees.fund",
  "pk": 1,
  "fields": {
    "fund_label": "General Fund",
    "fund_id": "1001",
    "fund_description": "2971"
  }
},
{
  "model": "fees.fund",
  "pk": 2,
  "fields": {
    "fund_label": "Building Enterprise Fund",
    "fund_id": "6031",
    "fund_description": "2975"
  }
},
{
  "model": "fees.fund",
  "pk": 3,
  "fields": {
    "fund_label": "Road Fund",
    "fund_id": "2030",
    "fund_description": "3011"
  }
},
{
  "model": "fees.fund",
  "pk": 4,
  "fields": {
    "fund_label": "FSA",
    "fund_id": "0000",
    "fund_description": "0000"
  }
},
{
  "model": "fees.fund",
  "pk": 5,
  "fields": {
    "fund_label": "State",
    "fund_id": "1111",
    "fund_description": "1111"
  }
},
{
  "model": "fees.budgetunit",
  "pk": 1,
  "fields": {
    "unit_fund": 1,
    "unit_label": "PGE Grant",
    "unit": "120002",
    "unit_description": "PGE Grant"
  }
},
{
  "model": "fees.budgetunit",
  "pk": 2,
  "fields": {
    "unit_fund": 1,
    "unit_label": "PACE",
    "unit": "120010",
    "unit_description": "DCS PACE PROGRAM OVERSIGHT"
  }
},
{
  "model": "fees.budgetunit",
  "pk": 3,
  "fields": {
    "unit_fund": 1,
    "unit_label": "Resilience",
    "unit": "120011",
    "unit_description": "DCS RESILIENCE"
  }
},
{
  "model": "fees.budgetunit",
  "pk": 4,
  "fields": {
    "unit_fund": 1,
    "unit_label": "Planning",
    "unit": "120003",
    "unit_description": "GF PLANNING"
  }
},
{
  "model": "fees.budgetunit",
  "pk": 5,
  "fields": {
    "unit_fund": 1,
    "unit_label": "CE Main",
    "unit": "120013",
    "unit_description": "GF CODE ENFORCEMENT"
  }
},
{
  "model": "fees.budgetunit",
  "pk": 6,
  "fields": {
    "unit_fund": 1,
    "unit_label": "CE Abatement",
    "unit": "120015",
    "unit_description": "CODE ENFORCEMENT ABATEMENT PROG"
  }
},
{
  "model": "fees.budgetunit",
  "pk": 7,
  "fields": {
    "unit_fund": 2,
    "unit_label": "Bldg Seismic",
    "unit": "120019",
    "unit_description": "BUILDING ENTERPRISE FD SEISMIC"
  }
},
{
  "model": "fees.budgetunit",
  "pk": 8,
  "fields": {
    "unit_fund": 2,
    "unit_label": "Bldg Disabled Access",
    "unit": "120020",
    "unit_description": "BUILDING ENTERPRISE FD DISABILITY"
  }
},
{
  "model": "fees.budgetunit",
  "pk": 9,
  "fields": {
    "unit_fund": 2,
    "unit_label": "Bldg Enterprise",
    "unit": "120021",
    "unit_description": "BUILDING ENTERPRISE FD BLDG"
  }
},
{
  "model": "fees.budgetunit",
  "pk": 10,
  "fields": {
    "unit_fund": 2,
    "unit_label": "Bldg Tech Recovery",
    "unit": "120041",
    "unit_description": "BUILDING ENTERPRISE FD TECH COST RECOVERY"
  }
},
{
  "model": "fees.budgetunit",
  "pk": 11,
  "fields": {
    "unit_fund": 3,
    "unit_label": "PW Road",
    "unit": "120026",
    "unit_description": "ROAD FUND"
  }
},
{
  "model": "fees.budgetunit",
  "pk": 12,
  "fields": {
    "unit_fund": 3,
    "unit_label": "PW Admin",
    "unit": "120027",
    "unit_description": "ROAD FUND ADMINISTRATION"
  }
},
{
  "model": "fees.budgetunit",
  "pk": 13,
  "fields": {
    "unit_fund": 3,
    "unit_label": "PW Engineering",
    "unit": "120028",
    "unit_description": "ROAD FUND ENGINEERING"
  }
},
{
  "model": "fees.budgetunit",
  "pk": 14,
  "fields": {
    "unit_fund": 3,
    "unit_label": "PW Maintenance",
    "unit": "120029",
    "unit_description": "ROAD FUND ROAD MAINTENANCE"
  }
},
{
  "model": "fees.budgetunit",
  "pk": 15,
  "fields": {
    "unit_fund": 4,
    "unit_label": "FSA Fees",
    "unit": "120000",
    "unit_description": "FSA Fees"
  }
},
{
  "model": "fees.budgetunit",
  "pk": 16,
  "fields": {
    "unit_fund": 5,
    "unit_label": "State Fee",
    "unit": "120001",
    "unit_description": "State Fee"
  }
},
{
  "model": "fees.uigroup",
  "pk": 1,
  "fields": {
    "group": "Bldg Review"
  }
},
{
  "model": "fees.uigroup",
  "pk": 2,
  "fields": {
    "group": "Bldg Inspection"
  }
},
{
  "model": "fees.uigroup",
  "pk": 3,
  "fields": {
    "group": "Bldg Admin"
  }
},
{
  "model": "fees.uigroup",
  "pk": 4,
  "fields": {
    "group": "Technology Recovery"
  }
},
{
  "model": "fees.uigroup",
  "pk": 5,
  "fields": {
    "group": "CE"
  }
},
{
  "model": "fees.uigroup",
  "pk": 6,
  "fields": {
    "group": "Planning"
  }
},
{
  "model": "fees.uigroup",
  "pk": 8,
  "fields": {
    "group": "Bldg State"
  }
},
{
  "model": "fees.uigroup",
  "pk": 9,
  "fields": {
    "group": "Public Works"
  }
},
{
  "model": "fees.uigroup",
  "pk": 10,
  "fields": {
    "group": "Bldg Disabled Access"
  }
},
{
  "model": "fees.uigroup",
  "pk": 11,
  "fields": {
    "group": "Bldg Seismic"
  }
},
{
  "model": "fees.uigroup",
  "pk": 12,
  "fields": {
    "group": "FSA"
  }
},
{
  "model": "fees.feetype",
  "pk": 1,
  "fields": {
    "fee_group": 8,
    "fee_type": "California Building Standards Fee (State Pass-Through Fee)",
    "policy": "State mandated fee with 90% retained for staff training.",
    "authorization": "H&S 17951, GC66014",
    "adopted": null,
    "revised": null,
    "expires": null,
    "tier_base_qty": "0",
    "tier_base_fee": 0.0,
    "rate": 4.0,
    "units": "$1 of Construction Valuation",
    "rate_check": "4.00 / 4.00 (Based on Valuation)",
    "active": true,
    "deleted": false
  }
},
{
  "model": "fees.feetype",
  "pk": 2,
  "fields": {
    "fee_group": 11,
    "fee_type": "Strong Motion Instrumentation and Seismic Hazard Mapping (State Pass Through Fee) ($7 for Strong Motion Instrumentation and $3 for Seismic Hazard Mapp",
    "policy": "State mandated fee with 90% retained for staff training.",
    "authorization": "H&S 17951, YCC 7-1.03",
    "adopted": null,
    "revised": null,
    "expires": null,
    "tier_base_qty": "0",
    "tier_base_fee": 0.0,
    "rate": 1.0,
    "units": "$1 of Construction Valuation",
    "rate_check": "Per $100,000 Valuation, Set by State",
    "active": true,
    "deleted": false
  }
},
{
  "model": "fees.feetype",
  "pk": 3,
  "fields": {
    "fee_group": 3,
    "fee_type": "General Plan Cost Recovery (value $50,000 and under)",
    "policy": "",
    "authorization": "GC 66104",
    "adopted": null,
    "revised": null,
    "expires": null,
    "tier_base_qty": "0",
    "tier_base_fee": 0.0,
    "rate": 0.05,
    "units": "$1 of Building Fees",
    "rate_check": "5% of Building Fees",
    "active": true,
    "deleted": false
  }
},
{
  "model": "fees.feetype",
  "pk": 4,
  "fields": {
    "fee_group": 3,
    "fee_type": "General Plan Cost Recovery (value over $50,000)",
    "policy": "",
    "authorization": "GC 66104",
    "adopted": null,
    "revised": null,
    "expires": null,
    "tier_base_qty": "50000",
    "tier_base_fee": 2500.0,
    "rate": 0.1,
    "units": "$1 of Building Fees",
    "rate_check": "10% of Building Fee",
    "active": true,
    "deleted": false
  }
},
{
  "model": "fees.feetype",
  "pk": 5,
  "fields": {
    "fee_group": 2,
    "fee_type": "Manufactured Home Fee - Permit Inspection",
    "policy": "",
    "authorization": "H&S 17951",
    "adopted": null,
    "revised": null,
    "expires": null,
    "tier_base_qty": "0",
    "tier_base_fee": 0.0,
    "rate": 455.0,
    "units": "each permit",
    "rate_check": "455.00 / Per Permit",
    "active": true,
    "deleted": false
  }
},
{
  "model": "fees.feetype",
  "pk": 6,
  "fields": {
    "fee_group": 3,
    "fee_type": "Additional Time Spent for Activities not Listed on Fee List",
    "policy": "",
    "authorization": "H&S 17951, YCC 7-1.03",
    "adopted": null,
    "revised": null,
    "expires": null,
    "tier_base_qty": "0",
    "tier_base_fee": 0.0,
    "rate": 149.0,
    "units": "each hour",
    "rate_check": "149.00 / Actual Cost, Charged Per Hour",
    "active": true,
    "deleted": false
  }
},
{
  "model": "fees.feetype",
  "pk": 7,
  "fields": {
    "fee_group": 1,
    "fee_type": "Cal Green",
    "policy": "",
    "authorization": "H&S 17951, YCC 7-1.03",
    "adopted": null,
    "revised": null,
    "expires": null,
    "tier_base_qty": "0",
    "tier_base_fee": 0.0,
    "rate": 0.15,
    "units": "$1 of Plan Review Fees",
    "rate_check": "15% of the Plan Review Fee, as applicable",
    "active": true,
    "deleted": false
  }
},
{
  "model": "fees.feetype",
  "pk": 8,
  "fields": {
    "fee_group": 2,
    "fee_type": "Certificate of Occupancy/Temporary Certificate of Occupancy",
    "policy": "",
    "authorization": "H&S 17951, YCC 7-1.03",
    "adopted": null,
    "revised": null,
    "expires": null,
    "tier_base_qty": "0",
    "tier_base_fee": 0.0,
    "rate": 101.0,
    "units": "each permit",
    "rate_check": "101.00 / Per Permit",
    "active": true,
    "deleted": false
  }
},
{
  "model": "fees.feetype",
  "pk": 9,
  "fields": {
    "fee_group": 1,
    "fee_type": "Disabled Access",
    "policy": "",
    "authorization": "H&S 17951, YCC 7-1.03",
    "adopted": null,
    "revised": null,
    "expires": null,
    "tier_base_qty": "0",
    "tier_base_fee": 0.0,
    "rate": 0.15,
    "units": "$1 of Plan Review Fees",
    "rate_check": "15% of the Plan Review Fee, as applicable",
    "active": true,
    "deleted": false
  }
},
{
  "model": "fees.feetype",
  "pk": 10,
  "fields": {
    "fee_group": 3,
    "fee_type": "Returned Check Fee",
    "policy": "",
    "authorization": "H&S 17951, YCC 7-1.03",
    "adopted": null,
    "revised": null,
    "expires": null,
    "tier_base_qty": "0",
    "tier_base_fee": 0.0,
    "rate": 25.0,
    "units": "each permit",
    "rate_check": "25.00 / Per Occurance",
    "active": true,
    "deleted": false
  }
},
{
  "model": "fees.feetype",
  "pk": 11,
  "fields": {
    "fee_group": 2,
    "fee_type": "Stucco/ Siding",
    "policy": "",
    "authorization": "H&S 17951, YCC 7-1.03",
    "adopted": null,
    "revised": null,
    "expires": null,
    "tier_base_qty": "0",
    "tier_base_fee": 0.0,
    "rate": 434.0,
    "units": "each permit",
    "rate_check": "434.00 / Flat Fee",
    "active": true,
    "deleted": false
  }
},
{
  "model": "fees.feetype",
  "pk": 12,
  "fields": {
    "fee_group": 2,
    "fee_type": "Title 24 Review",
    "policy": "",
    "authorization": "H&S 17951, YCC 7-1.03",
    "adopted": null,
    "revised": null,
    "expires": null,
    "tier_base_qty": "0",
    "tier_base_fee": 0.0,
    "rate": 0.1,
    "units": "$1 of Plan Review Fees",
    "rate_check": "10% of the Plan Review Fee, as applicable",
    "active": true,
    "deleted": false
  }
},
{
  "model": "fees.feetype",
  "pk": 13,
  "fields": {
    "fee_group": 2,
    "fee_type": "New/Replace Sign Rate Illuminated, Non-Illuminated Monument or Pole",
    "policy": "",
    "authorization": "H&S 17951, YCC 7-1.03",
    "adopted": null,
    "revised": null,
    "expires": null,
    "tier_base_qty": "0",
    "tier_base_fee": 0.0,
    "rate": 434.0,
    "units": "each permit",
    "rate_check": "434.00 / Per Permit",
    "active": true,
    "deleted": false
  }
},
{
  "model": "fees.feetype",
  "pk": 14,
  "fields": {
    "fee_group": 2,
    "fee_type": "New/Replacement Building Sign Rate Illuminate or Non- Illuminated",
    "policy": "",
    "authorization": "H&S 17951, YCC 7-1.03",
    "adopted": null,
    "revised": null,
    "expires": null,
    "tier_base_qty": "0",
    "tier_base_fee": 0.0,
    "rate": 217.0,
    "units": "each permit",
    "rate_check": "217.00 / Per Permit",
    "active": true,
    "deleted": false
  }
},
{
  "model": "fees.feetype",
  "pk": 15,
  "fields": {
    "fee_group": 1,
    "fee_type": "Flood Elevation Certificate",
    "policy": "",
    "authorization": "GC 65104, 66016; Cal. Const. Art. XI @ 7",
    "adopted": null,
    "revised": null,
    "expires": null,
    "tier_base_qty": "0",
    "tier_base_fee": 0.0,
    "rate": 558.0,
    "units": "each permit",
    "rate_check": "558.00 / Flat Fee",
    "active": true,
    "deleted": false
  }
},
{
  "model": "fees.feetype",
  "pk": 16,
  "fields": {
    "fee_group": 1,
    "fee_type": "Flood Plain Substantial Improvement Determination",
    "policy": "",
    "authorization": "H&S 17951, YCC 7-1.03",
    "adopted": null,
    "revised": null,
    "expires": null,
    "tier_base_qty": "0",
    "tier_base_fee": 0.0,
    "rate": 267.0,
    "units": "each permit",
    "rate_check": "267.00 / Per Permit",
    "active": true,
    "deleted": false
  }
},
{
  "model": "fees.feetype",
  "pk": 17,
  "fields": {
    "fee_group": 1,
    "fee_type": "Flood Zone Determination Fee",
    "policy": "",
    "authorization": "GC 65104, 66016; Cal. Const. Art. XI @ 7",
    "adopted": null,
    "revised": null,
    "expires": null,
    "tier_base_qty": "0",
    "tier_base_fee": 0.0,
    "rate": 33.0,
    "units": "15 minutes",
    "rate_check": "33.00 / per 15 minutes (15 minute minimum)",
    "active": true,
    "deleted": false
  }
},
{
  "model": "fees.feetype",
  "pk": 18,
  "fields": {
    "fee_group": 2,
    "fee_type": "Flood Management Fee",
    "policy": "",
    "authorization": "H&S 17951, YCC 7-1.03",
    "adopted": null,
    "revised": null,
    "expires": null,
    "tier_base_qty": "0",
    "tier_base_fee": 0.0,
    "rate": 0.0466,
    "units": "$1 of Plan Review Fees",
    "rate_check": "4.66% of the Plan Review Fee, as applicable",
    "active": true,
    "deleted": false
  }
},
{
  "model": "fees.feetype",
  "pk": 19,
  "fields": {
    "fee_group": 10,
    "fee_type": "Disability Access: CASp",
    "policy": "",
    "authorization": "SB1186",
    "adopted": null,
    "revised": null,
    "expires": null,
    "tier_base_qty": "0",
    "tier_base_fee": 0.0,
    "rate": 4.0,
    "units": "each permit",
    "rate_check": "4.00 / Per Business License",
    "active": true,
    "deleted": false
  }
},
{
  "model": "fees.feetype",
  "pk": 20,
  "fields": {
    "fee_group": 4,
    "fee_type": "Technology Recovery Fee",
    "policy": "",
    "authorization": "Ordinance 1381",
    "adopted": null,
    "revised": null,
    "expires": null,
    "tier_base_qty": "0",
    "tier_base_fee": 0.0,
    "rate": 0.06,
    "units": "$1 of Permit Cost",
    "rate_check": "6% of permit cost",
    "active": true,
    "deleted": false
  }
},
{
  "model": "fees.feetype",
  "pk": 21,
  "fields": {
    "fee_group": 3,
    "fee_type": "Addressing Fee",
    "policy": "Staff time to assign a new address",
    "authorization": "GC 65104, 66016; Cal. Const. Art. XI @ 7",
    "adopted": null,
    "revised": null,
    "expires": null,
    "tier_base_qty": "0",
    "tier_base_fee": 0.0,
    "rate": 134.0,
    "units": "each permit",
    "rate_check": "134.00 / Flat Fee",
    "active": true,
    "deleted": false
  }
},
{
  "model": "fees.feetype",
  "pk": 22,
  "fields": {
    "fee_group": 3,
    "fee_type": "Ag Exempt",
    "policy": "Staff time to verify the ag exempt structure meets the requirements of Yolo County Count Section 7-1.03",
    "authorization": "YCC 7-1.03",
    "adopted": null,
    "revised": null,
    "expires": null,
    "tier_base_qty": "0",
    "tier_base_fee": 0.0,
    "rate": 173.0,
    "units": "each permit",
    "rate_check": "173.00 / Flat Fee",
    "active": true,
    "deleted": false
  }
},
{
  "model": "fees.feetype",
  "pk": 23,
  "fields": {
    "fee_group": 1,
    "fee_type": "Alternate Building Materials Requests",
    "policy": "Staff time for the review required by CBC 104.11",
    "authorization": "H&S 17951, GC66014, YCC 7-1.03",
    "adopted": null,
    "revised": null,
    "expires": null,
    "tier_base_qty": "0",
    "tier_base_fee": 0.0,
    "rate": 269.0,
    "units": "each hour",
    "rate_check": "269.00 / per hour (min. 5 hours)",
    "active": true,
    "deleted": false
  }
},
{
  "model": "fees.feetype",
  "pk": 24,
  "fields": {
    "fee_group": 2,
    "fee_type": "Alternative Energy; Wind Turbine, Methane Gas Conversion, Agricultural Crop Conversion For Bio-Fuels, Etc.",
    "policy": "",
    "authorization": "H & S 17951",
    "adopted": null,
    "revised": null,
    "expires": null,
    "tier_base_qty": "0",
    "tier_base_fee": 0.0,
    "rate": 1.0,
    "units": "$1 of Construction Valuation",
    "rate_check": "Based on construction valuation",
    "active": true,
    "deleted": false
  }
},
{
  "model": "fees.feetype",
  "pk": 25,
  "fields": {
    "fee_group": 3,
    "fee_type": "Building Permit Application Fee",
    "policy": "Staff time to intake a building permit application",
    "authorization": "H&S17951",
    "adopted": null,
    "revised": null,
    "expires": null,
    "tier_base_qty": "0",
    "tier_base_fee": 0.0,
    "rate": 67.0,
    "units": "each permit",
    "rate_check": "67.00 / Per Permit",
    "active": true,
    "deleted": false
  }
},
{
  "model": "fees.feetype",
  "pk": 26,
  "fields": {
    "fee_group": 3,
    "fee_type": "Building Permit Application Fee - Only for HVAC, Solar, Water Heater, or other small projects as determined by CBO",
    "policy": "",
    "authorization": "H&S 17951, YCC 7-1.03",
    "adopted": null,
    "revised": null,
    "expires": null,
    "tier_base_qty": "0",
    "tier_base_fee": 0.0,
    "rate": 33.0,
    "units": "each permit",
    "rate_check": "33.00 / Per Permit",
    "active": true,
    "deleted": false
  }
},
{
  "model": "fees.feetype",
  "pk": 27,
  "fields": {
    "fee_group": 2,
    "fee_type": "Building Permit Fee Tier 7 - $1,000,001+ Valuation",
    "policy": "Staff time for building inspection. Valuation is a proxy measurement for the overall complexity of a project used to determine the overall inspection workload based on records from past permits.",
    "authorization": "H&S 17951, YCC 7-1.03",
    "adopted": null,
    "revised": null,
    "expires": null,
    "tier_base_qty": "1000000",
    "tier_base_fee": 7908.0,
    "rate": 3.25,
    "units": "$1,000 of Construction Valuation",
    "rate_check": "7908.00 / Base Fee Plus$3.25 per $1,000; based on valuation",
    "active": true,
    "deleted": false
  }
},
{
  "model": "fees.feetype",
  "pk": 28,
  "fields": {
    "fee_group": 2,
    "fee_type": "Building Permit Fee Tier 1 - $1-$10,000 Valuation",
    "policy": "Staff time for building inspection. Valuation is a proxy measurement for the overall complexity of a project used to determine the overall inspection workload based on records from past permits.",
    "authorization": "H&S 17951, YCC 7-1.03",
    "adopted": null,
    "revised": null,
    "expires": null,
    "tier_base_qty": "0",
    "tier_base_fee": 149.0,
    "rate": 12.0,
    "units": "$1,000 of Construction Valuation",
    "rate_check": "149.00 / Base Fee Plus$12.00 per $1,000; based on valuatio",
    "active": true,
    "deleted": false
  }
},
{
  "model": "fees.feetype",
  "pk": 29,
  "fields": {
    "fee_group": 2,
    "fee_type": "Building Permit Fee Tier 2 - $10,001-$25,000 Valuation",
    "policy": "Staff time for building inspection. Valuation is a proxy measurement for the overall complexity of a project used to determine the overall inspection workload based on records from past permits.",
    "authorization": "H&S 17951, YCC 7-1.03",
    "adopted": null,
    "revised": null,
    "expires": null,
    "tier_base_qty": "10000",
    "tier_base_fee": 251.0,
    "rate": 31.18,
    "units": "$1,000 of Construction Valuation",
    "rate_check": "251.00 / Base Fee Plus$31.18 per $1,000; based on valuatio",
    "active": true,
    "deleted": false
  }
},
{
  "model": "fees.feetype",
  "pk": 30,
  "fields": {
    "fee_group": 2,
    "fee_type": "Building Permit Fee Tier 5 - $100,001-$500,000 Valuation",
    "policy": "Staff time for building inspection. Valuation is a proxy measurement for the overall complexity of a project used to determine the overall inspection workload based on records from past permits.",
    "authorization": "H&S 17951, YCC 7-1.03",
    "adopted": null,
    "revised": null,
    "expires": null,
    "tier_base_qty": "100000",
    "tier_base_fee": 1359.0,
    "rate": 7.2,
    "units": "$1,000 of Construction Valuation",
    "rate_check": "1359.00 / Base Fee Plus$7.20 per $1,000; based on valuation",
    "active": true,
    "deleted": false
  }
},
{
  "model": "fees.feetype",
  "pk": 31,
  "fields": {
    "fee_group": 2,
    "fee_type": "Building Permit Fee Tier 3 - $25,001-$50,000 Valuation",
    "policy": "Staff time for building inspection. Valuation is a proxy measurement for the overall complexity of a project used to determine the overall inspection workload based on records from past permits.",
    "authorization": "H&S 17951, YCC 7-1.03",
    "adopted": null,
    "revised": null,
    "expires": null,
    "tier_base_qty": "25000",
    "tier_base_fee": 718.0,
    "rate": 5.79,
    "units": "$1,000 of Construction Valuation",
    "rate_check": "718.00 / Base Fee Plus$5.79 per $1,000; based on valuation",
    "active": true,
    "deleted": false
  }
},
{
  "model": "fees.feetype",
  "pk": 32,
  "fields": {
    "fee_group": 2,
    "fee_type": "Building Permit Fee Tier 4 - $50,001-$100,000 Valuation",
    "policy": "Staff time for building inspection. Valuation is a proxy measurement for the overall complexity of a project used to determine the overall inspection workload based on records from past permits.",
    "authorization": "H&S 17951, YCC 7-1.03",
    "adopted": null,
    "revised": null,
    "expires": null,
    "tier_base_qty": "50000",
    "tier_base_fee": 863.0,
    "rate": 9.91,
    "units": "$1,000 of Construction Valuation",
    "rate_check": "863.00 / Base Fee Plus$9.91 per $1,000; based on valuation",
    "active": true,
    "deleted": false
  }
},
{
  "model": "fees.feetype",
  "pk": 33,
  "fields": {
    "fee_group": 2,
    "fee_type": "Building Permit Fee Tier 6 - $500,001-$1,000,000 Valuation",
    "policy": "Staff time for building inspection. Valuation is a proxy measurement for the overall complexity of a project used to determine the overall inspection workload based on records from past permits.",
    "authorization": "H&S 17951, YCC 7-1.03",
    "adopted": null,
    "revised": null,
    "expires": null,
    "tier_base_qty": "500000",
    "tier_base_fee": 4238.0,
    "rate": 7.34,
    "units": "$1,000 of Construction Valuation",
    "rate_check": "4238.00 / Base Fee Plus$7.34 per $1,000; based on valuation",
    "active": true,
    "deleted": false
  }
},
{
  "model": "fees.feetype",
  "pk": 34,
  "fields": {
    "fee_group": 3,
    "fee_type": "Building Permit Issuance Fee",
    "policy": "Staff time to issue a building permit",
    "authorization": "H&S 17951, YCC 7-1.03",
    "adopted": null,
    "revised": null,
    "expires": null,
    "tier_base_qty": "0",
    "tier_base_fee": 0.0,
    "rate": 56.0,
    "units": "each permit",
    "rate_check": "56.00 / Per Permit",
    "active": true,
    "deleted": false
  }
},
{
  "model": "fees.feetype",
  "pk": 35,
  "fields": {
    "fee_group": 10,
    "fee_type": "Business Site Inspection",
    "policy": "",
    "authorization": "YCC 12-1.513, 7-1.03, GC 66014",
    "adopted": null,
    "revised": null,
    "expires": null,
    "tier_base_qty": "2",
    "tier_base_fee": 223.5,
    "rate": 145.0,
    "units": "each hour",
    "rate_check": "145.00 / per hour (min 1.5 hours)",
    "active": true,
    "deleted": false
  }
},
{
  "model": "fees.feetype",
  "pk": 36,
  "fields": {
    "fee_group": 2,
    "fee_type": "Cellular Tower, Co-location",
    "policy": "",
    "authorization": "H&S 17951",
    "adopted": null,
    "revised": null,
    "expires": null,
    "tier_base_qty": "0",
    "tier_base_fee": 0.0,
    "rate": 579.0,
    "units": "each permit",
    "rate_check": "579.00 / Per Permit",
    "active": true,
    "deleted": false
  }
},
{
  "model": "fees.feetype",
  "pk": 37,
  "fields": {
    "fee_group": 2,
    "fee_type": "Cellular Tower, Equipment container",
    "policy": "",
    "authorization": "H&S 17951",
    "adopted": null,
    "revised": null,
    "expires": null,
    "tier_base_qty": "0",
    "tier_base_fee": 0.0,
    "rate": 579.0,
    "units": "each permit",
    "rate_check": "579.00 / Per Permit",
    "active": true,
    "deleted": false
  }
},
{
  "model": "fees.feetype",
  "pk": 38,
  "fields": {
    "fee_group": 2,
    "fee_type": "Cellular Tower, Free Standing",
    "policy": "",
    "authorization": "H&S 17951",
    "adopted": null,
    "revised": null,
    "expires": null,
    "tier_base_qty": "0",
    "tier_base_fee": 0.0,
    "rate": 869.0,
    "units": "each permit",
    "rate_check": "869.00 / Per Permit",
    "active": true,
    "deleted": false
  }
},
{
  "model": "fees.feetype",
  "pk": 39,
  "fields": {
    "fee_group": 3,
    "fee_type": "Copy of Plans (non-standard sizes)",
    "policy": "",
    "authorization": "H&S 17951",
    "adopted": null,
    "revised": null,
    "expires": null,
    "tier_base_qty": "0",
    "tier_base_fee": 0.0,
    "rate": 5.0,
    "units": "each sheet",
    "rate_check": "5.00 / Per Sheet",
    "active": true,
    "deleted": false
  }
},
{
  "model": "fees.feetype",
  "pk": 40,
  "fields": {
    "fee_group": 1,
    "fee_type": "Deferred Submittal Request",
    "policy": "",
    "authorization": "H&S 17951",
    "adopted": null,
    "revised": null,
    "expires": null,
    "tier_base_qty": "0",
    "tier_base_fee": 0.0,
    "rate": 134.0,
    "units": "each request",
    "rate_check": "134.00 / Each Request",
    "active": true,
    "deleted": false
  }
},
{
  "model": "fees.feetype",
  "pk": 41,
  "fields": {
    "fee_group": 2,
    "fee_type": "Demolition",
    "policy": "",
    "authorization": "H&S 17951",
    "adopted": null,
    "revised": null,
    "expires": null,
    "tier_base_qty": "0",
    "tier_base_fee": 0.0,
    "rate": 434.0,
    "units": "each building",
    "rate_check": "434.00 / Per Building",
    "active": true,
    "deleted": false
  }
},
{
  "model": "fees.feetype",
  "pk": 42,
  "fields": {
    "fee_group": 1,
    "fee_type": "Expedited Plan Review",
    "policy": "",
    "authorization": "H&S 17951, YCC 7-1.03",
    "adopted": null,
    "revised": null,
    "expires": null,
    "tier_base_qty": "0",
    "tier_base_fee": 0.0,
    "rate": 1.5,
    "units": "$1 of original plan review fee",
    "rate_check": "1.5 times the original plan review fee",
    "active": true,
    "deleted": false
  }
},
{
  "model": "fees.feetype",
  "pk": 43,
  "fields": {
    "fee_group": 2,
    "fee_type": "Moved Structure (In addition to permit fees)",
    "policy": "",
    "authorization": "H&S 17951",
    "adopted": null,
    "revised": null,
    "expires": null,
    "tier_base_qty": "0",
    "tier_base_fee": 0.0,
    "rate": 585.0,
    "units": "each permit",
    "rate_check": "585.00 / Per Permit",
    "active": true,
    "deleted": false
  }
},
{
  "model": "fees.feetype",
  "pk": 44,
  "fields": {
    "fee_group": 2,
    "fee_type": "Other Requested Inspections",
    "policy": "",
    "authorization": "H&S 17951, GC 66014, YCC 7-1.03",
    "adopted": null,
    "revised": null,
    "expires": null,
    "tier_base_qty": "0",
    "tier_base_fee": 0.0,
    "rate": 1.5,
    "units": "each hour",
    "rate_check": "145.00 / per hour (min. 1.5 hours)",
    "active": true,
    "deleted": false
  }
},
{
  "model": "fees.feetype",
  "pk": 45,
  "fields": {
    "fee_group": 2,
    "fee_type": "Patio Cover Enclosed/Trellis",
    "policy": "Use \"Simple Permits: 2 Inspections\"",
    "authorization": "H&S 17951",
    "adopted": null,
    "revised": null,
    "expires": null,
    "tier_base_qty": "0",
    "tier_base_fee": 0.0,
    "rate": 12.0,
    "units": "each permit",
    "rate_check": "434.00 / Flat Fee",
    "active": true,
    "deleted": false
  }
},
{
  "model": "fees.feetype",
  "pk": 46,
  "fields": {
    "fee_group": 2,
    "fee_type": "Patio Deck, Uncovered",
    "policy": "Use \"Simple Permits: 2 Inspections\"",
    "authorization": "H&S 17951",
    "adopted": null,
    "revised": null,
    "expires": null,
    "tier_base_qty": "0",
    "tier_base_fee": 0.0,
    "rate": 10.0,
    "units": "each permit",
    "rate_check": "434.00 / Flat Fee",
    "active": true,
    "deleted": false
  }
},
{
  "model": "fees.feetype",
  "pk": 47,
  "fields": {
    "fee_group": 1,
    "fee_type": "Permit Extension Request",
    "policy": "Use \"Inspections - Hourly\"",
    "authorization": "H&S 17951",
    "adopted": null,
    "revised": null,
    "expires": null,
    "tier_base_qty": "0",
    "tier_base_fee": 0.0,
    "rate": 12.0,
    "units": "each request",
    "rate_check": "101.00 / Each Request",
    "active": true,
    "deleted": false
  }
},
{
  "model": "fees.feetype",
  "pk": 48,
  "fields": {
    "fee_group": 1,
    "fee_type": "Permit Reviews and Requests",
    "policy": "",
    "authorization": "GC66014, YCC 7-1.03",
    "adopted": null,
    "revised": null,
    "expires": null,
    "tier_base_qty": "0",
    "tier_base_fee": 0.0,
    "rate": 149.0,
    "units": "each hour",
    "rate_check": "149.00 / Per Hour, Actual Cost",
    "active": true,
    "deleted": false
  }
},
{
  "model": "fees.feetype",
  "pk": 49,
  "fields": {
    "fee_group": 1,
    "fee_type": "Plan Check Extension Request",
    "policy": "Use \"Plan Review - Hourly\"",
    "authorization": "H&S 17951",
    "adopted": null,
    "revised": null,
    "expires": null,
    "tier_base_qty": "0",
    "tier_base_fee": 0.0,
    "rate": 12.0,
    "units": "each request",
    "rate_check": "76.00 / Each Request",
    "active": true,
    "deleted": false
  }
},
{
  "model": "fees.feetype",
  "pk": 50,
  "fields": {
    "fee_group": 1,
    "fee_type": "Plan Review Fee-Master plan development after model approval      (1 hr minimum)",
    "policy": "Use \"Plan Review - Hourly\"",
    "authorization": "H&S 17951, GC 66014, YCC 7-1.03",
    "adopted": null,
    "revised": null,
    "expires": null,
    "tier_base_qty": "0",
    "tier_base_fee": 0.0,
    "rate": 12.0,
    "units": "each hour",
    "rate_check": "149.00 / per hour",
    "active": true,
    "deleted": false
  }
},
{
  "model": "fees.feetype",
  "pk": 51,
  "fields": {
    "fee_group": 1,
    "fee_type": "Plan Review Fee-Single Family/Garages",
    "policy": "",
    "authorization": "H&S 17951, YCC 7-1.03",
    "adopted": null,
    "revised": null,
    "expires": null,
    "tier_base_qty": "0",
    "tier_base_fee": 0.0,
    "rate": 0.5,
    "units": "$1 of fee for a new permit",
    "rate_check": "65% of building permit fee up to two reviews",
    "active": true,
    "deleted": false
  }
},
{
  "model": "fees.feetype",
  "pk": 52,
  "fields": {
    "fee_group": 1,
    "fee_type": "Pre-Application Review",
    "policy": "",
    "authorization": "H&S 17951, YCC 7-1.03",
    "adopted": null,
    "revised": null,
    "expires": null,
    "tier_base_qty": "0",
    "tier_base_fee": 0.0,
    "rate": 414.0,
    "units": "each meeting",
    "rate_check": "414.00 / Per Meeting",
    "active": true,
    "deleted": false
  }
},
{
  "model": "fees.feetype",
  "pk": 53,
  "fields": {
    "fee_group": 2,
    "fee_type": "Re-Inspection Fee - 1.5 Hour Minimum",
    "policy": "",
    "authorization": "H&S 17951, GC 66014, YCC 7-1.03",
    "adopted": null,
    "revised": null,
    "expires": null,
    "tier_base_qty": "2",
    "tier_base_fee": 223.5,
    "rate": 145.0,
    "units": "each hour",
    "rate_check": "145.00 / Per Hour, Minimum 1.5 Hours",
    "active": true,
    "deleted": false
  }
},
{
  "model": "fees.feetype",
  "pk": 54,
  "fields": {
    "fee_group": 1,
    "fee_type": "Re-Instate Permit Fee (validated)",
    "policy": "Use \"Plan Review - Hourly\"",
    "authorization": "H&S 17951, YCC 7-1.03",
    "adopted": null,
    "revised": null,
    "expires": null,
    "tier_base_qty": "0",
    "tier_base_fee": 0.0,
    "rate": 0.5,
    "units": "$1 of fee for a new permit",
    "rate_check": "1/2 of all related fees for a new permit",
    "active": true,
    "deleted": false
  }
},
{
  "model": "fees.feetype",
  "pk": 55,
  "fields": {
    "fee_group": 2,
    "fee_type": "Re-Roof (Residential, Commercial, Multi-Family)",
    "policy": "Use \"Simple Permits: 2 Inspections\"",
    "authorization": "H&S 17951",
    "adopted": null,
    "revised": null,
    "expires": null,
    "tier_base_qty": "0",
    "tier_base_fee": 0.0,
    "rate": 10.0,
    "units": "each building",
    "rate_check": "434.00 / Per Building",
    "active": true,
    "deleted": false
  }
},
{
  "model": "fees.feetype",
  "pk": 56,
  "fields": {
    "fee_group": 3,
    "fee_type": "Records research",
    "policy": "",
    "authorization": "H&S 17951",
    "adopted": null,
    "revised": null,
    "expires": null,
    "tier_base_qty": "0",
    "tier_base_fee": 0.0,
    "rate": 149.0,
    "units": "each hour",
    "rate_check": "149.00 / Per Hour",
    "active": true,
    "deleted": false
  }
},
{
  "model": "fees.feetype",
  "pk": 57,
  "fields": {
    "fee_group": 2,
    "fee_type": "Site inspection",
    "policy": "Use \"Inspections - Hourly\"",
    "authorization": "H&S 17951",
    "adopted": null,
    "revised": null,
    "expires": null,
    "tier_base_qty": "0",
    "tier_base_fee": 0.0,
    "rate": 12.0,
    "units": "each hour",
    "rate_check": "149.00 / Per Hour",
    "active": true,
    "deleted": false
  }
},
{
  "model": "fees.feetype",
  "pk": 58,
  "fields": {
    "fee_group": 1,
    "fee_type": "Soil review",
    "policy": "",
    "authorization": "H&S 17951",
    "adopted": null,
    "revised": null,
    "expires": null,
    "tier_base_qty": "0",
    "tier_base_fee": 0.0,
    "rate": 149.0,
    "units": "each hour",
    "rate_check": "149.00 / Per Hour",
    "active": true,
    "deleted": false
  }
},
{
  "model": "fees.feetype",
  "pk": 59,
  "fields": {
    "fee_group": 2,
    "fee_type": "Special inspection request and/or pre-construction meeting",
    "policy": "Use \"Inspections - Hourly\"",
    "authorization": "H&S 17951",
    "adopted": null,
    "revised": null,
    "expires": null,
    "tier_base_qty": "2",
    "tier_base_fee": 298.0,
    "rate": 149.0,
    "units": "each hour",
    "rate_check": "149.00 / Per Hour (min. 2 hours)",
    "active": true,
    "deleted": false
  }
},
{
  "model": "fees.feetype",
  "pk": 60,
  "fields": {
    "fee_group": 2,
    "fee_type": "Temporary Occupancy",
    "policy": "Use \"Inspections - Hourly\"",
    "authorization": "H&S 17951, GC66014, YCC 7-1.03",
    "adopted": null,
    "revised": null,
    "expires": null,
    "tier_base_qty": "0",
    "tier_base_fee": 0.0,
    "rate": 10.0,
    "units": "each permit",
    "rate_check": "491.00 / Flat Fee",
    "active": true,
    "deleted": false
  }
},
{
  "model": "fees.feetype",
  "pk": 61,
  "fields": {
    "fee_group": 2,
    "fee_type": "Window Installation and/or Replacement (Covers 1 Inspection)",
    "policy": "",
    "authorization": "H&S 17951",
    "adopted": null,
    "revised": null,
    "expires": null,
    "tier_base_qty": "0",
    "tier_base_fee": 0.0,
    "rate": 217.0,
    "units": "each permit",
    "rate_check": "217.00 / Flat Fee",
    "active": true,
    "deleted": false
  }
},
{
  "model": "fees.feetype",
  "pk": 62,
  "fields": {
    "fee_group": 2,
    "fee_type": "Install, Alter, Add Services  and/or Sub-Panel - over 1,001 amps",
    "policy": "Use \"Service- or Sub-Panel Tier 2, all others\"",
    "authorization": "H&S 17951, YCC 7-1.03",
    "adopted": null,
    "revised": null,
    "expires": null,
    "tier_base_qty": "0",
    "tier_base_fee": 0.0,
    "rate": 10.0,
    "units": "each permit",
    "rate_check": "434.00 / Per Permit",
    "active": true,
    "deleted": false
  }
},
{
  "model": "fees.feetype",
  "pk": 63,
  "fields": {
    "fee_group": 2,
    "fee_type": "Install, Alter, Add Services 0-325 amp/panel",
    "policy": "",
    "authorization": "H&S 17951, YCC 7-1.03",
    "adopted": null,
    "revised": null,
    "expires": null,
    "tier_base_qty": "0",
    "tier_base_fee": 0.0,
    "rate": 290.0,
    "units": "each permit",
    "rate_check": "290.00 / Per Permit",
    "active": true,
    "deleted": false
  }
},
{
  "model": "fees.feetype",
  "pk": 64,
  "fields": {
    "fee_group": 2,
    "fee_type": "Install, Alter, Add Services 325-1,000 amp/panel",
    "policy": "",
    "authorization": "H&S 17951, YCC 7-1.03",
    "adopted": null,
    "revised": null,
    "expires": null,
    "tier_base_qty": "0",
    "tier_base_fee": 0.0,
    "rate": 434.0,
    "units": "each permit",
    "rate_check": "434.00 / Per Permit",
    "active": true,
    "deleted": false
  }
},
{
  "model": "fees.feetype",
  "pk": 65,
  "fields": {
    "fee_group": 2,
    "fee_type": "Photovoltaic/Solar System, Commercial - Ground mounted",
    "policy": "",
    "authorization": "H&S 17951",
    "adopted": null,
    "revised": null,
    "expires": null,
    "tier_base_qty": "3",
    "tier_base_fee": 435.0,
    "rate": 145.0,
    "units": "each hour",
    "rate_check": "145.00 / Per Hour (min. 3 hours)",
    "active": true,
    "deleted": false
  }
},
{
  "model": "fees.feetype",
  "pk": 66,
  "fields": {
    "fee_group": 2,
    "fee_type": "Photovoltaic/Solar System, Commercial - Roof mounted",
    "policy": "",
    "authorization": "H&S 17951",
    "adopted": null,
    "revised": null,
    "expires": null,
    "tier_base_qty": "0",
    "tier_base_fee": 0.0,
    "rate": 434.0,
    "units": "each permit",
    "rate_check": "434.00 / Flat Fee",
    "active": true,
    "deleted": false
  }
},
{
  "model": "fees.feetype",
  "pk": 67,
  "fields": {
    "fee_group": 2,
    "fee_type": "Photovoltaic/Solar System, Residential - Ground mounted",
    "policy": "",
    "authorization": "H&S 17951",
    "adopted": null,
    "revised": null,
    "expires": null,
    "tier_base_qty": "0",
    "tier_base_fee": 0.0,
    "rate": 145.0,
    "units": "each hour",
    "rate_check": "145.00 / Per Hour (min. 2 hours)",
    "active": true,
    "deleted": false
  }
},
{
  "model": "fees.feetype",
  "pk": 68,
  "fields": {
    "fee_group": 2,
    "fee_type": "Photovoltaic/Solar System, Residential - Roof mounted",
    "policy": "",
    "authorization": "H&S 17951",
    "adopted": null,
    "revised": null,
    "expires": null,
    "tier_base_qty": "0",
    "tier_base_fee": 0.0,
    "rate": 290.0,
    "units": "each permit",
    "rate_check": "290.00 / Flat Fee",
    "active": true,
    "deleted": false
  }
},
{
  "model": "fees.feetype",
  "pk": 69,
  "fields": {
    "fee_group": 2,
    "fee_type": "Temporary Electric",
    "policy": "Use \"Service- or Sub-Panel\"",
    "authorization": "H&S 17951",
    "adopted": null,
    "revised": null,
    "expires": null,
    "tier_base_qty": "0",
    "tier_base_fee": 0.0,
    "rate": 12.0,
    "units": "each permit",
    "rate_check": "217.00 / Per Permit",
    "active": true,
    "deleted": false
  }
},
{
  "model": "fees.feetype",
  "pk": 70,
  "fields": {
    "fee_group": 2,
    "fee_type": "Additional Fire Inspections",
    "policy": "",
    "authorization": "H&S17951, GC66014",
    "adopted": null,
    "revised": null,
    "expires": null,
    "tier_base_qty": "0",
    "tier_base_fee": 0.0,
    "rate": 223.0,
    "units": "each inspection",
    "rate_check": "223.00 / Per Inspection",
    "active": true,
    "deleted": false
  }
},
{
  "model": "fees.feetype",
  "pk": 71,
  "fields": {
    "fee_group": 1,
    "fee_type": "Additional Fire Plan Review (over 2 reviews)",
    "policy": "",
    "authorization": "H&S17951, GC66014",
    "adopted": null,
    "revised": null,
    "expires": null,
    "tier_base_qty": "0",
    "tier_base_fee": 0.0,
    "rate": 223.0,
    "units": "each review",
    "rate_check": "223.00 / Per Review",
    "active": true,
    "deleted": false
  }
},
{
  "model": "fees.feetype",
  "pk": 72,
  "fields": {
    "fee_group": 2,
    "fee_type": "Commercial Kitchen Hood System / Special Systems",
    "policy": "",
    "authorization": "H&S17951, GC66014",
    "adopted": null,
    "revised": null,
    "expires": null,
    "tier_base_qty": "0",
    "tier_base_fee": 0.0,
    "rate": 446.0,
    "units": "each permit",
    "rate_check": "446.00 / Per Permit",
    "active": true,
    "deleted": false
  }
},
{
  "model": "fees.feetype",
  "pk": 73,
  "fields": {
    "fee_group": 2,
    "fee_type": "Commercial Sprinkler System - 201+ Sprinkler Heads (underground systems included, new systems only)",
    "policy": "",
    "authorization": "H&S17951, GC66014",
    "adopted": null,
    "revised": null,
    "expires": null,
    "tier_base_qty": "0",
    "tier_base_fee": 0.0,
    "rate": 1189.0,
    "units": "each permit",
    "rate_check": "1189.00 / Per Permit",
    "active": true,
    "deleted": false
  }
},
{
  "model": "fees.feetype",
  "pk": 74,
  "fields": {
    "fee_group": 2,
    "fee_type": "Commercial/Residential Sprinkler Add/Alternative",
    "policy": "",
    "authorization": "H&S17951, GC66014",
    "adopted": null,
    "revised": null,
    "expires": null,
    "tier_base_qty": "0",
    "tier_base_fee": 0.0,
    "rate": 446.0,
    "units": "each permit",
    "rate_check": "446.00 / Per Permit",
    "active": true,
    "deleted": false
  }
},
{
  "model": "fees.feetype",
  "pk": 75,
  "fields": {
    "fee_group": 1,
    "fee_type": "Fire Alarm System Plan Review Fee",
    "policy": "",
    "authorization": "H&S17951, GC66014",
    "adopted": null,
    "revised": null,
    "expires": null,
    "tier_base_qty": "0",
    "tier_base_fee": 0.0,
    "rate": 595.0,
    "units": "each permit",
    "rate_check": "595.00 / Per Permit",
    "active": true,
    "deleted": false
  }
},
{
  "model": "fees.feetype",
  "pk": 76,
  "fields": {
    "fee_group": 1,
    "fee_type": "Fire Construction Plan Review/Special Review",
    "policy": "",
    "authorization": "H&S17951, GC66014",
    "adopted": null,
    "revised": null,
    "expires": null,
    "tier_base_qty": "0",
    "tier_base_fee": 0.0,
    "rate": 446.0,
    "units": "each permit",
    "rate_check": "446.00 / Per Permit",
    "active": true,
    "deleted": false
  }
},
{
  "model": "fees.feetype",
  "pk": 77,
  "fields": {
    "fee_group": 2,
    "fee_type": "Fire Inspection Fee",
    "policy": "",
    "authorization": "H&S17951, GC66014",
    "adopted": null,
    "revised": null,
    "expires": null,
    "tier_base_qty": "0",
    "tier_base_fee": 0.0,
    "rate": 297.0,
    "units": "each permit",
    "rate_check": "297.00 / Per Permit",
    "active": true,
    "deleted": false
  }
},
{
  "model": "fees.feetype",
  "pk": 78,
  "fields": {
    "fee_group": 2,
    "fee_type": "Fire Inspection Fee - Underground, Hazmat, Hydrant, Tanks, Tents, Special Events, Fire Investigation, Weed/ Fire Hazard Abatement",
    "policy": "",
    "authorization": "H&S17951, GC66014",
    "adopted": null,
    "revised": null,
    "expires": null,
    "tier_base_qty": "0",
    "tier_base_fee": 0.0,
    "rate": 595.0,
    "units": "each permit",
    "rate_check": "595.00 / Per Permit",
    "active": true,
    "deleted": false
  }
},
{
  "model": "fees.feetype",
  "pk": 79,
  "fields": {
    "fee_group": 2,
    "fee_type": "Flammable or Combustible Liquid Tank  - Installation or Removel (Above Ground or Underground)",
    "policy": "",
    "authorization": "H&S17951, GC66014",
    "adopted": null,
    "revised": null,
    "expires": null,
    "tier_base_qty": "0",
    "tier_base_fee": 0.0,
    "rate": 595.0,
    "units": "each permit",
    "rate_check": "595.00 / Per Permit",
    "active": true,
    "deleted": false
  }
},
{
  "model": "fees.feetype",
  "pk": 80,
  "fields": {
    "fee_group": 2,
    "fee_type": "Residential Fire Sprinklers (New Buildings)",
    "policy": "",
    "authorization": "H&S17951, GC66014",
    "adopted": null,
    "revised": null,
    "expires": null,
    "tier_base_qty": "0",
    "tier_base_fee": 0.0,
    "rate": 595.0,
    "units": "each permit",
    "rate_check": "595.00 / Per Permit",
    "active": true,
    "deleted": false
  }
},
{
  "model": "fees.feetype",
  "pk": 81,
  "fields": {
    "fee_group": 2,
    "fee_type": "Grading Inspection: 1 - 10,000 Cubic Yards",
    "policy": "",
    "authorization": "H&S 17951",
    "adopted": null,
    "revised": null,
    "expires": null,
    "tier_base_qty": "0",
    "tier_base_fee": 0.0,
    "rate": 290.0,
    "units": "each permit",
    "rate_check": "290.00 / Flat Fee",
    "active": true,
    "deleted": false
  }
},
{
  "model": "fees.feetype",
  "pk": 82,
  "fields": {
    "fee_group": 2,
    "fee_type": "Grading Inspection: 10,001 - 100,000 Cubic Yards",
    "policy": "",
    "authorization": "H&S 17951",
    "adopted": null,
    "revised": null,
    "expires": null,
    "tier_base_qty": "0",
    "tier_base_fee": 0.0,
    "rate": 434.0,
    "units": "each permit",
    "rate_check": "434.00 / Flat Fee",
    "active": true,
    "deleted": false
  }
},
{
  "model": "fees.feetype",
  "pk": 83,
  "fields": {
    "fee_group": 2,
    "fee_type": "Grading Inspection: 100,000+ Cubic Yards",
    "policy": "",
    "authorization": "H&S 17951",
    "adopted": null,
    "revised": null,
    "expires": null,
    "tier_base_qty": "0",
    "tier_base_fee": 0.0,
    "rate": 579.0,
    "units": "each permit",
    "rate_check": "579.00 / Flat Fee",
    "active": true,
    "deleted": false
  }
},
{
  "model": "fees.feetype",
  "pk": 84,
  "fields": {
    "fee_group": 2,
    "fee_type": "Approved Fireplace Insert",
    "policy": "",
    "authorization": "H&S 17951, YCC 7-1.03",
    "adopted": null,
    "revised": null,
    "expires": null,
    "tier_base_qty": "0",
    "tier_base_fee": 0.0,
    "rate": 217.0,
    "units": "each permit",
    "rate_check": "217.00 / Per Permit",
    "active": true,
    "deleted": false
  }
},
{
  "model": "fees.feetype",
  "pk": 85,
  "fields": {
    "fee_group": 2,
    "fee_type": "E.P.A. Approved Freestanding Wood Stove",
    "policy": "",
    "authorization": "H&S 17951, YCC 7-1.03",
    "adopted": null,
    "revised": null,
    "expires": null,
    "tier_base_qty": "0",
    "tier_base_fee": 0.0,
    "rate": 217.0,
    "units": "each permit",
    "rate_check": "217.00 / Per Permit",
    "active": true,
    "deleted": false
  }
},
{
  "model": "fees.feetype",
  "pk": 86,
  "fields": {
    "fee_group": 2,
    "fee_type": "HVAC Installation, Commercial: Furnace and/or A/C Condenser - over 3 units",
    "policy": "",
    "authorization": "H&S 17951",
    "adopted": null,
    "revised": null,
    "expires": null,
    "tier_base_qty": "0",
    "tier_base_fee": 0.0,
    "rate": 145.0,
    "units": "each unit",
    "rate_check": "145.00 / Per Unit",
    "active": true,
    "deleted": false
  }
},
{
  "model": "fees.feetype",
  "pk": 87,
  "fields": {
    "fee_group": 2,
    "fee_type": "HVAC Installation, Commercial: Furnace, A/C Condenser - up to 3 units",
    "policy": "",
    "authorization": "H&S 17951",
    "adopted": null,
    "revised": null,
    "expires": null,
    "tier_base_qty": "0",
    "tier_base_fee": 0.0,
    "rate": 434.0,
    "units": "each permit",
    "rate_check": "434.00 / Per Permit",
    "active": true,
    "deleted": false
  }
},
{
  "model": "fees.feetype",
  "pk": 88,
  "fields": {
    "fee_group": 2,
    "fee_type": "HVAC Installation, Residential: Furnace and/or A/C Condenser",
    "policy": "",
    "authorization": "H&S 17951",
    "adopted": null,
    "revised": null,
    "expires": null,
    "tier_base_qty": "0",
    "tier_base_fee": 0.0,
    "rate": 217.0,
    "units": "each permit",
    "rate_check": "217.00 / Per Permit",
    "active": true,
    "deleted": false
  }
},
{
  "model": "fees.feetype",
  "pk": 89,
  "fields": {
    "fee_group": 2,
    "fee_type": "Masonry fireplace with appliance insert",
    "policy": "",
    "authorization": "H&S 17951",
    "adopted": null,
    "revised": null,
    "expires": null,
    "tier_base_qty": "0",
    "tier_base_fee": 0.0,
    "rate": 434.0,
    "units": "each permit",
    "rate_check": "434.00 / Per Permit",
    "active": true,
    "deleted": false
  }
},
{
  "model": "fees.feetype",
  "pk": 90,
  "fields": {
    "fee_group": 2,
    "fee_type": "Propane Tank Installation",
    "policy": "",
    "authorization": "H&S 17951",
    "adopted": null,
    "revised": null,
    "expires": null,
    "tier_base_qty": "0",
    "tier_base_fee": 0.0,
    "rate": 434.0,
    "units": "each permit",
    "rate_check": "434.00 / Per Permit",
    "active": true,
    "deleted": false
  }
},
{
  "model": "fees.feetype",
  "pk": 91,
  "fields": {
    "fee_group": 2,
    "fee_type": "Temporary Gas",
    "policy": "",
    "authorization": "H&S 17951",
    "adopted": null,
    "revised": null,
    "expires": null,
    "tier_base_qty": "0",
    "tier_base_fee": 0.0,
    "rate": 217.0,
    "units": "each permit",
    "rate_check": "217.00 / Per Permit",
    "active": true,
    "deleted": false
  }
},
{
  "model": "fees.feetype",
  "pk": 92,
  "fields": {
    "fee_group": 2,
    "fee_type": "Water Heater Installation - up to 2 units",
    "policy": "",
    "authorization": "H&S 17951",
    "adopted": null,
    "revised": null,
    "expires": null,
    "tier_base_qty": "0",
    "tier_base_fee": 0.0,
    "rate": 130.0,
    "units": "each permit",
    "rate_check": "130.00 / Per Permit",
    "active": true,
    "deleted": false
  }
},
{
  "model": "fees.feetype",
  "pk": 93,
  "fields": {
    "fee_group": 2,
    "fee_type": "Commercial Pool and/or Spa",
    "policy": "",
    "authorization": "H&S 17951",
    "adopted": null,
    "revised": null,
    "expires": null,
    "tier_base_qty": "0",
    "tier_base_fee": 0.0,
    "rate": 1.0,
    "units": "$1 of Construction Valuation",
    "rate_check": "Based on Valuation",
    "active": true,
    "deleted": false
  }
},
{
  "model": "fees.feetype",
  "pk": 94,
  "fields": {
    "fee_group": 2,
    "fee_type": "Demolition of Swimming Pool",
    "policy": "",
    "authorization": "H&S 17951",
    "adopted": null,
    "revised": null,
    "expires": null,
    "tier_base_qty": "0",
    "tier_base_fee": 0.0,
    "rate": 217.0,
    "units": "each permit",
    "rate_check": "217.00 / Per Permit",
    "active": true,
    "deleted": false
  }
},
{
  "model": "fees.feetype",
  "pk": 95,
  "fields": {
    "fee_group": 2,
    "fee_type": "Pool and/or Spa remodel",
    "policy": "",
    "authorization": "H&S 17951",
    "adopted": null,
    "revised": null,
    "expires": null,
    "tier_base_qty": "0",
    "tier_base_fee": 0.0,
    "rate": 434.0,
    "units": "each permit",
    "rate_check": "434.00 / Per Permit",
    "active": true,
    "deleted": false
  }
},
{
  "model": "fees.feetype",
  "pk": 96,
  "fields": {
    "fee_group": 2,
    "fee_type": "Solar Heating for Pool / Spa",
    "policy": "",
    "authorization": "H&S 17951",
    "adopted": null,
    "revised": null,
    "expires": null,
    "tier_base_qty": "0",
    "tier_base_fee": 0.0,
    "rate": 217.0,
    "units": "each permit",
    "rate_check": "217.00 / Per Permit",
    "active": true,
    "deleted": false
  }
},
{
  "model": "fees.feetype",
  "pk": 97,
  "fields": {
    "fee_group": 2,
    "fee_type": "Spa/Hot Tub Permit-Basic",
    "policy": "",
    "authorization": "H&S 17951",
    "adopted": null,
    "revised": null,
    "expires": null,
    "tier_base_qty": "0",
    "tier_base_fee": 0.0,
    "rate": 434.0,
    "units": "each permit",
    "rate_check": "434.00 / Per Permit",
    "active": true,
    "deleted": false
  }
},
{
  "model": "fees.feetype",
  "pk": 98,
  "fields": {
    "fee_group": 2,
    "fee_type": "Swimming Pool Permit-Residential",
    "policy": "",
    "authorization": "H&S 17951",
    "adopted": null,
    "revised": null,
    "expires": null,
    "tier_base_qty": "0",
    "tier_base_fee": 0.0,
    "rate": 869.0,
    "units": "each permit",
    "rate_check": "869.00 / Per Permit",
    "active": true,
    "deleted": false
  }
},
{
  "model": "fees.feetype",
  "pk": 99,
  "fields": {
    "fee_group": 5,
    "fee_type": "31-60 days overdue",
    "policy": "",
    "authorization": "H&S 101325",
    "adopted": null,
    "revised": null,
    "expires": null,
    "tier_base_qty": "0",
    "tier_base_fee": 0.0,
    "rate": 0.1,
    "units": "$1 of overdue fees",
    "rate_check": "10.00 / percent",
    "active": true,
    "deleted": false
  }
},
{
  "model": "fees.feetype",
  "pk": 100,
  "fields": {
    "fee_group": 5,
    "fee_type": "61-90 days overdue",
    "policy": "",
    "authorization": "H&S 101325",
    "adopted": null,
    "revised": null,
    "expires": null,
    "tier_base_qty": "0",
    "tier_base_fee": 0.0,
    "rate": 0.1,
    "units": "$1 of overdue fees",
    "rate_check": "10.00 / percent",
    "active": true,
    "deleted": false
  }
},
{
  "model": "fees.feetype",
  "pk": 101,
  "fields": {
    "fee_group": 5,
    "fee_type": "Administrative Citation",
    "policy": "",
    "authorization": "GC66104, 54988",
    "adopted": null,
    "revised": null,
    "expires": null,
    "tier_base_qty": "0",
    "tier_base_fee": 0.0,
    "rate": 1300.0,
    "units": "each citation",
    "rate_check": "1300.00 / each citation",
    "active": true,
    "deleted": false
  }
},
{
  "model": "fees.feetype",
  "pk": 102,
  "fields": {
    "fee_group": 5,
    "fee_type": "Administrative Citation Appeal Hearing Deposit",
    "policy": "",
    "authorization": "YCC 1-5.09",
    "adopted": null,
    "revised": null,
    "expires": null,
    "tier_base_qty": "0",
    "tier_base_fee": 0.0,
    "rate": 1000.0,
    "units": "each hearing",
    "rate_check": "1000.00 / Deposit, Actual Cost",
    "active": true,
    "deleted": false
  }
},
{
  "model": "fees.feetype",
  "pk": 103,
  "fields": {
    "fee_group": 5,
    "fee_type": "Code Enforcement Hourly Rate-additional inspections, hearings (Min 1 hr.)",
    "policy": "",
    "authorization": "GC 54988",
    "adopted": null,
    "revised": null,
    "expires": null,
    "tier_base_qty": "0",
    "tier_base_fee": 0.0,
    "rate": 149.0,
    "units": "each hour",
    "rate_check": "149.00 / Per Hour",
    "active": true,
    "deleted": false
  }
},
{
  "model": "fees.feetype",
  "pk": 104,
  "fields": {
    "fee_group": 5,
    "fee_type": "Delinquent Account Referral Fee",
    "policy": "",
    "authorization": "H&S 101325",
    "adopted": null,
    "revised": null,
    "expires": null,
    "tier_base_qty": "0",
    "tier_base_fee": 0.0,
    "rate": 0.25,
    "units": "$1 of overdue fees",
    "rate_check": "25.00 / percent",
    "active": true,
    "deleted": false
  }
},
{
  "model": "fees.feetype",
  "pk": 105,
  "fields": {
    "fee_group": 5,
    "fee_type": "Hearing Officer Hourly Rate",
    "policy": "",
    "authorization": "YCC 1-5.09",
    "adopted": null,
    "revised": null,
    "expires": null,
    "tier_base_qty": "0",
    "tier_base_fee": 0.0,
    "rate": 220.0,
    "units": "each hour",
    "rate_check": "220.00 / 0",
    "active": true,
    "deleted": false
  }
},
{
  "model": "fees.feetype",
  "pk": 106,
  "fields": {
    "fee_group": 5,
    "fee_type": "Initial Code Enforcement Investigation Fee",
    "policy": "",
    "authorization": "GC54988; H&S17951",
    "adopted": null,
    "revised": null,
    "expires": null,
    "tier_base_qty": "0",
    "tier_base_fee": 0.0,
    "rate": 223.0,
    "units": "each case",
    "rate_check": "223.00 / Per Case",
    "active": true,
    "deleted": false
  }
},
{
  "model": "fees.feetype",
  "pk": 107,
  "fields": {
    "fee_group": 5,
    "fee_type": "Notice of Violation",
    "policy": "",
    "authorization": "GC66104",
    "adopted": null,
    "revised": null,
    "expires": null,
    "tier_base_qty": "0",
    "tier_base_fee": 0.0,
    "rate": 650.0,
    "units": "each violation",
    "rate_check": "650.00 / each violation",
    "active": true,
    "deleted": false
  }
},
{
  "model": "fees.feetype",
  "pk": 108,
  "fields": {
    "fee_group": 5,
    "fee_type": "Zoning Violation Application (50%) of penalty)",
    "policy": "",
    "authorization": "GC65354.5",
    "adopted": null,
    "revised": null,
    "expires": null,
    "tier_base_qty": "0",
    "tier_base_fee": 0.0,
    "rate": 0.5,
    "units": "$1 of Application Fee",
    "rate_check": "50% of application fee",
    "active": true,
    "deleted": false
  }
},
{
  "model": "fees.feetype",
  "pk": 109,
  "fields": {
    "fee_group": 12,
    "fee_type": "FSA Davis Multi-family (2 or more)",
    "policy": "Refer to County FSA Fee ordinance and the fee study driving the values to determine fee applicability. Appeals are to be directed to Scott Doolittle, Leslie Lindbo, and Mark Bryan.",
    "authorization": "GC66000, 66001",
    "adopted": null,
    "revised": null,
    "expires": null,
    "tier_base_qty": "0",
    "tier_base_fee": 0.0,
    "rate": 3180.0,
    "units": "each unit",
    "rate_check": "3180.00 / per unit",
    "active": true,
    "deleted": false
  }
},
{
  "model": "fees.feetype",
  "pk": 110,
  "fields": {
    "fee_group": 12,
    "fee_type": "FSA Davis Single Family Housing",
    "policy": "",
    "authorization": "GC66000, 66001",
    "adopted": null,
    "revised": null,
    "expires": null,
    "tier_base_qty": "0",
    "tier_base_fee": 0.0,
    "rate": 4290.0,
    "units": "each dwelling",
    "rate_check": "4290.00 / dwelling",
    "active": true,
    "deleted": false
  }
},
{
  "model": "fees.feetype",
  "pk": 111,
  "fields": {
    "fee_group": 12,
    "fee_type": "FSA Davis Industrial",
    "policy": "",
    "authorization": "GC66000, 66001",
    "adopted": null,
    "revised": null,
    "expires": null,
    "tier_base_qty": "0",
    "tier_base_fee": 0.0,
    "rate": 334.0,
    "units": "each 1,000 square feet",
    "rate_check": "334.00 / per 1,000 sq. ft.",
    "active": true,
    "deleted": false
  }
},
{
  "model": "fees.feetype",
  "pk": 112,
  "fields": {
    "fee_group": 12,
    "fee_type": "FSA Davis Office Davis",
    "policy": "",
    "authorization": "GC66000, 66001",
    "adopted": null,
    "revised": null,
    "expires": null,
    "tier_base_qty": "0",
    "tier_base_fee": 0.0,
    "rate": 666.0,
    "units": "each 1,000 square feet",
    "rate_check": "666.00 / per 1,000 sq. ft.",
    "active": true,
    "deleted": false
  }
},
{
  "model": "fees.feetype",
  "pk": 113,
  "fields": {
    "fee_group": 12,
    "fee_type": "FSA Davis Commercial",
    "policy": "",
    "authorization": "GC66000, 66001",
    "adopted": null,
    "revised": null,
    "expires": null,
    "tier_base_qty": "0",
    "tier_base_fee": 0.0,
    "rate": 500.0,
    "units": "each 1,000 square feet",
    "rate_check": "500.00 / per 1,000 sq. ft.",
    "active": true,
    "deleted": false
  }
},
{
  "model": "fees.feetype",
  "pk": 114,
  "fields": {
    "fee_group": 12,
    "fee_type": "FSA Davis Warehouse",
    "policy": "",
    "authorization": "GC66000, 66001",
    "adopted": null,
    "revised": null,
    "expires": null,
    "tier_base_qty": "0",
    "tier_base_fee": 0.0,
    "rate": 200.0,
    "units": "each 1,000 square feet",
    "rate_check": "200.00 / per 1,000 sq. ft.",
    "active": true,
    "deleted": false
  }
},
{
  "model": "fees.feetype",
  "pk": 115,
  "fields": {
    "fee_group": 12,
    "fee_type": "FSA West Sacramento - Multi-family (2 or more)",
    "policy": "",
    "authorization": "GC66000, 66001",
    "adopted": null,
    "revised": null,
    "expires": null,
    "tier_base_qty": "0",
    "tier_base_fee": 0.0,
    "rate": 3267.0,
    "units": "each unit",
    "rate_check": "3267.00 / per unit",
    "active": true,
    "deleted": false
  }
},
{
  "model": "fees.feetype",
  "pk": 116,
  "fields": {
    "fee_group": 12,
    "fee_type": "FSA West Sacramento - Single Family Housing",
    "policy": "",
    "authorization": "GC66000, 66001",
    "adopted": null,
    "revised": null,
    "expires": null,
    "tier_base_qty": "0",
    "tier_base_fee": 0.0,
    "rate": 4407.0,
    "units": "each dwelling",
    "rate_check": "4407.00 / dwelling",
    "active": true,
    "deleted": false
  }
},
{
  "model": "fees.feetype",
  "pk": 117,
  "fields": {
    "fee_group": 12,
    "fee_type": "FSA West Sacramento - Industrial",
    "policy": "",
    "authorization": "GC66000, 66001",
    "adopted": null,
    "revised": null,
    "expires": null,
    "tier_base_qty": "0",
    "tier_base_fee": 0.0,
    "rate": 334.0,
    "units": "each 1,000 square feet",
    "rate_check": "334.00 / per 1,000 sq. ft.",
    "active": true,
    "deleted": false
  }
},
{
  "model": "fees.feetype",
  "pk": 118,
  "fields": {
    "fee_group": 12,
    "fee_type": "FSA West Sacramento - Office",
    "policy": "",
    "authorization": "GC66000, 66001",
    "adopted": null,
    "revised": null,
    "expires": null,
    "tier_base_qty": "0",
    "tier_base_fee": 0.0,
    "rate": 666.0,
    "units": "each 1,000 square feet",
    "rate_check": "666.00 / per 1,000 sq. ft.",
    "active": true,
    "deleted": false
  }
},
{
  "model": "fees.feetype",
  "pk": 119,
  "fields": {
    "fee_group": 12,
    "fee_type": "FSA West Sacramento - Commercial",
    "policy": "",
    "authorization": "GC66000, 66001",
    "adopted": null,
    "revised": null,
    "expires": null,
    "tier_base_qty": "0",
    "tier_base_fee": 0.0,
    "rate": 500.0,
    "units": "each 1,000 square feet",
    "rate_check": "500.00 / per 1,000 sq. ft.",
    "active": true,
    "deleted": false
  }
},
{
  "model": "fees.feetype",
  "pk": 120,
  "fields": {
    "fee_group": 12,
    "fee_type": "FSA West Sacramento - Warehouse",
    "policy": "",
    "authorization": "GC66000, 66001",
    "adopted": null,
    "revised": null,
    "expires": null,
    "tier_base_qty": "0",
    "tier_base_fee": 0.0,
    "rate": 200.0,
    "units": "each 1,000 square feet",
    "rate_check": "200.00 / per 1,000 sq. ft.",
    "active": true,
    "deleted": false
  }
},
{
  "model": "fees.feetype",
  "pk": 121,
  "fields": {
    "fee_group": 12,
    "fee_type": "FSA Winters - Multi-family (2 or more)",
    "policy": "",
    "authorization": "GC66000, 66001",
    "adopted": null,
    "revised": null,
    "expires": null,
    "tier_base_qty": "0",
    "tier_base_fee": 0.0,
    "rate": 3267.0,
    "units": "each unit",
    "rate_check": "3267.00 / per unit",
    "active": true,
    "deleted": false
  }
},
{
  "model": "fees.feetype",
  "pk": 122,
  "fields": {
    "fee_group": 12,
    "fee_type": "FSA Winters - Single Family Housing",
    "policy": "",
    "authorization": "GC66000, 66001",
    "adopted": null,
    "revised": null,
    "expires": null,
    "tier_base_qty": "0",
    "tier_base_fee": 0.0,
    "rate": 4407.0,
    "units": "each dwelling",
    "rate_check": "4407.00 / dwelling",
    "active": true,
    "deleted": false
  }
},
{
  "model": "fees.feetype",
  "pk": 123,
  "fields": {
    "fee_group": 12,
    "fee_type": "FSA Winters - Industrial",
    "policy": "",
    "authorization": "GC66000, 66001",
    "adopted": null,
    "revised": null,
    "expires": null,
    "tier_base_qty": "0",
    "tier_base_fee": 0.0,
    "rate": 334.0,
    "units": "each 1,000 square feet",
    "rate_check": "334.00 / per 1,000 sq. ft.",
    "active": true,
    "deleted": false
  }
},
{
  "model": "fees.feetype",
  "pk": 124,
  "fields": {
    "fee_group": 12,
    "fee_type": "FSA Winters - Office",
    "policy": "",
    "authorization": "GC66000, 66001",
    "adopted": null,
    "revised": null,
    "expires": null,
    "tier_base_qty": "0",
    "tier_base_fee": 0.0,
    "rate": 666.0,
    "units": "each 1,000 square feet",
    "rate_check": "666.00 / per 1,000 sq. ft.",
    "active": true,
    "deleted": false
  }
},
{
  "model": "fees.feetype",
  "pk": 125,
  "fields": {
    "fee_group": 12,
    "fee_type": "FSA Winters - Commercial",
    "policy": "",
    "authorization": "GC66000, 66001",
    "adopted": null,
    "revised": null,
    "expires": null,
    "tier_base_qty": "0",
    "tier_base_fee": 0.0,
    "rate": 500.0,
    "units": "each 1,000 square feet",
    "rate_check": "500.00 / per 1,000 sq. ft.",
    "active": true,
    "deleted": false
  }
},
{
  "model": "fees.feetype",
  "pk": 126,
  "fields": {
    "fee_group": 12,
    "fee_type": "FSA Winters - Warehouse",
    "policy": "",
    "authorization": "GC66000, 66001",
    "adopted": null,
    "revised": null,
    "expires": null,
    "tier_base_qty": "0",
    "tier_base_fee": 0.0,
    "rate": 200.0,
    "units": "each 1,000 square feet",
    "rate_check": "200.00 / per 1,000 sq. ft.",
    "active": true,
    "deleted": false
  }
},
{
  "model": "fees.feetype",
  "pk": 127,
  "fields": {
    "fee_group": 12,
    "fee_type": "FSA Woodland - Multi-family (2 or more)",
    "policy": "",
    "authorization": "GC66000, 66001",
    "adopted": null,
    "revised": null,
    "expires": null,
    "tier_base_qty": "0",
    "tier_base_fee": 0.0,
    "rate": 2312.0,
    "units": "each unit",
    "rate_check": "2312.00 / per unit",
    "active": true,
    "deleted": false
  }
},
{
  "model": "fees.feetype",
  "pk": 128,
  "fields": {
    "fee_group": 12,
    "fee_type": "FSA Woodland - Single Family Housing",
    "policy": "",
    "authorization": "GC66000, 66001",
    "adopted": null,
    "revised": null,
    "expires": null,
    "tier_base_qty": "0",
    "tier_base_fee": 0.0,
    "rate": 3118.0,
    "units": "each dwelling",
    "rate_check": "3118.00 / dwelling",
    "active": true,
    "deleted": false
  }
},
{
  "model": "fees.feetype",
  "pk": 129,
  "fields": {
    "fee_group": 12,
    "fee_type": "FSA Woodland - Industrial",
    "policy": "",
    "authorization": "GC66000, 66001",
    "adopted": null,
    "revised": null,
    "expires": null,
    "tier_base_qty": "0",
    "tier_base_fee": 0.0,
    "rate": 334.0,
    "units": "each 1,000 square feet",
    "rate_check": "334.00 / per 1,000 sq. ft.",
    "active": true,
    "deleted": false
  }
},
{
  "model": "fees.feetype",
  "pk": 130,
  "fields": {
    "fee_group": 12,
    "fee_type": "FSA Woodland - Office",
    "policy": "",
    "authorization": "GC66000, 66001",
    "adopted": null,
    "revised": null,
    "expires": null,
    "tier_base_qty": "0",
    "tier_base_fee": 0.0,
    "rate": 666.0,
    "units": "each 1,000 square feet",
    "rate_check": "666.00 / per 1,000 sq. ft.",
    "active": true,
    "deleted": false
  }
},
{
  "model": "fees.feetype",
  "pk": 131,
  "fields": {
    "fee_group": 12,
    "fee_type": "FSA Woodland - Commercial",
    "policy": "",
    "authorization": "GC 66000,66001",
    "adopted": null,
    "revised": null,
    "expires": null,
    "tier_base_qty": "0",
    "tier_base_fee": 0.0,
    "rate": 500.0,
    "units": "each 1,000 square feet",
    "rate_check": "500.00 / per 1,000 sq. ft.",
    "active": true,
    "deleted": false
  }
},
{
  "model": "fees.feetype",
  "pk": 132,
  "fields": {
    "fee_group": 12,
    "fee_type": "FSA Woodland - Warehouse",
    "policy": "",
    "authorization": "GC66000, 66001",
    "adopted": null,
    "revised": null,
    "expires": null,
    "tier_base_qty": "0",
    "tier_base_fee": 0.0,
    "rate": 200.0,
    "units": "each 1,000 square feet",
    "rate_check": "200.00 / per 1,000 sq. ft.",
    "active": true,
    "deleted": false
  }
},
{
  "model": "fees.feetype",
  "pk": 133,
  "fields": {
    "fee_group": 12,
    "fee_type": "FSA County - Multi-family (2 or more)",
    "policy": "",
    "authorization": "GC66000, 66001",
    "adopted": null,
    "revised": null,
    "expires": null,
    "tier_base_qty": "0",
    "tier_base_fee": 0.0,
    "rate": 4830.0,
    "units": "each unit",
    "rate_check": "4830.00 / per unit",
    "active": true,
    "deleted": false
  }
},
{
  "model": "fees.feetype",
  "pk": 134,
  "fields": {
    "fee_group": 12,
    "fee_type": "FSA County - Single Family Housing",
    "policy": "",
    "authorization": "GC66000, 66001",
    "adopted": null,
    "revised": null,
    "expires": null,
    "tier_base_qty": "0",
    "tier_base_fee": 0.0,
    "rate": 6515.0,
    "units": "each dwelling",
    "rate_check": "6515.00 / dwelling",
    "active": true,
    "deleted": false
  }
},
{
  "model": "fees.feetype",
  "pk": 135,
  "fields": {
    "fee_group": 12,
    "fee_type": "FSA County - Industrial",
    "policy": "",
    "authorization": "GC66000, 66001",
    "adopted": null,
    "revised": null,
    "expires": null,
    "tier_base_qty": "0",
    "tier_base_fee": 0.0,
    "rate": 626.0,
    "units": "each 1,000 square feet",
    "rate_check": "626.00 / per 1,000 sq. ft.",
    "active": true,
    "deleted": false
  }
},
{
  "model": "fees.feetype",
  "pk": 136,
  "fields": {
    "fee_group": 12,
    "fee_type": "FSA County - Office",
    "policy": "",
    "authorization": "GC66000, 66001",
    "adopted": null,
    "revised": null,
    "expires": null,
    "tier_base_qty": "0",
    "tier_base_fee": 0.0,
    "rate": 1247.0,
    "units": "each 1,000 square feet",
    "rate_check": "1247.00 / per 1,000 sq. ft.",
    "active": true,
    "deleted": false
  }
},
{
  "model": "fees.feetype",
  "pk": 137,
  "fields": {
    "fee_group": 12,
    "fee_type": "FSA County - Commercial",
    "policy": "",
    "authorization": "GC66000, 66001",
    "adopted": null,
    "revised": null,
    "expires": null,
    "tier_base_qty": "0",
    "tier_base_fee": 0.0,
    "rate": 936.0,
    "units": "each 1,000 square feet",
    "rate_check": "936.00 / per 1,000 sq. ft.",
    "active": true,
    "deleted": false
  }
},
{
  "model": "fees.feetype",
  "pk": 138,
  "fields": {
    "fee_group": 12,
    "fee_type": "FSA County - Warehouse",
    "policy": "",
    "authorization": "GC66000, 66001",
    "adopted": null,
    "revised": null,
    "expires": null,
    "tier_base_qty": "0",
    "tier_base_fee": 0.0,
    "rate": 375.0,
    "units": "each 1,000 square feet",
    "rate_check": "375.00 / per 1,000 sq. ft.",
    "active": true,
    "deleted": false
  }
},
{
  "model": "fees.unitportion",
  "pk": 1,
  "fields": {
    "fee": 9,
    "unit": 8,
    "share": "0.90"
  }
},
{
  "model": "fees.unitportion",
  "pk": 4,
  "fields": {
    "fee": 113,
    "unit": 15,
    "share": "1.00"
  }
},
{
  "model": "fees.unitportion",
  "pk": 5,
  "fields": {
    "fee": 111,
    "unit": 15,
    "share": "1.00"
  }
},
{
  "model": "fees.unitportion",
  "pk": 6,
  "fields": {
    "fee": 109,
    "unit": 15,
    "share": "1.00"
  }
},
{
  "model": "fees.unitportion",
  "pk": 7,
  "fields": {
    "fee": 112,
    "unit": 15,
    "share": "1.00"
  }
},
{
  "model": "fees.unitportion",
  "pk": 8,
  "fields": {
    "fee": 110,
    "unit": 15,
    "share": "1.00"
  }
},
{
  "model": "fees.unitportion",
  "pk": 9,
  "fields": {
    "fee": 114,
    "unit": 15,
    "share": "1.00"
  }
},
{
  "model": "fees.unitportion",
  "pk": 13,
  "fields": {
    "fee": 25,
    "unit": 9,
    "share": "1.00"
  }
},
{
  "model": "fees.unitportion",
  "pk": 14,
  "fields": {
    "fee": 26,
    "unit": 9,
    "share": "1.00"
  }
},
{
  "model": "fees.unitportion",
  "pk": 16,
  "fields": {
    "fee": 7,
    "unit": 9,
    "share": "1.00"
  }
},
{
  "model": "fees.unitportion",
  "pk": 17,
  "fields": {
    "fee": 99,
    "unit": 5,
    "share": "1.00"
  }
},
{
  "model": "fees.unitportion",
  "pk": 18,
  "fields": {
    "fee": 100,
    "unit": 5,
    "share": "1.00"
  }
},
{
  "model": "fees.unitportion",
  "pk": 19,
  "fields": {
    "fee": 70,
    "unit": 9,
    "share": "1.00"
  }
},
{
  "model": "fees.unitportion",
  "pk": 20,
  "fields": {
    "fee": 71,
    "unit": 9,
    "share": "1.00"
  }
},
{
  "model": "fees.unitportion",
  "pk": 21,
  "fields": {
    "fee": 6,
    "unit": 9,
    "share": "1.00"
  }
},
{
  "model": "fees.unitportion",
  "pk": 22,
  "fields": {
    "fee": 21,
    "unit": 9,
    "share": "1.00"
  }
},
{
  "model": "fees.unitportion",
  "pk": 23,
  "fields": {
    "fee": 101,
    "unit": 5,
    "share": "1.00"
  }
},
{
  "model": "fees.unitportion",
  "pk": 24,
  "fields": {
    "fee": 102,
    "unit": 5,
    "share": "1.00"
  }
},
{
  "model": "fees.unitportion",
  "pk": 25,
  "fields": {
    "fee": 22,
    "unit": 9,
    "share": "1.00"
  }
},
{
  "model": "fees.unitportion",
  "pk": 26,
  "fields": {
    "fee": 23,
    "unit": 9,
    "share": "1.00"
  }
},
{
  "model": "fees.unitportion",
  "pk": 27,
  "fields": {
    "fee": 24,
    "unit": 9,
    "share": "1.00"
  }
},
{
  "model": "fees.unitportion",
  "pk": 28,
  "fields": {
    "fee": 84,
    "unit": 9,
    "share": "1.00"
  }
},
{
  "model": "fees.unitportion",
  "pk": 29,
  "fields": {
    "fee": 27,
    "unit": 9,
    "share": "1.00"
  }
},
{
  "model": "fees.unitportion",
  "pk": 30,
  "fields": {
    "fee": 28,
    "unit": 9,
    "share": "1.00"
  }
},
{
  "model": "fees.unitportion",
  "pk": 31,
  "fields": {
    "fee": 9,
    "unit": 16,
    "share": "0.10"
  }
},
{
  "model": "fees.unitportion",
  "pk": 32,
  "fields": {
    "fee": 19,
    "unit": 9,
    "share": "0.90"
  }
},
{
  "model": "fees.unitportion",
  "pk": 33,
  "fields": {
    "fee": 19,
    "unit": 16,
    "share": "0.10"
  }
},
{
  "model": "fees.unitportion",
  "pk": 34,
  "fields": {
    "fee": 20,
    "unit": 10,
    "share": "1.00"
  }
},
{
  "model": "fees.unitportion",
  "pk": 35,
  "fields": {
    "fee": 2,
    "unit": 9,
    "share": "0.90"
  }
},
{
  "model": "fees.unitportion",
  "pk": 36,
  "fields": {
    "fee": 2,
    "unit": 16,
    "share": "0.10"
  }
},
{
  "model": "fees.unitportion",
  "pk": 37,
  "fields": {
    "fee": 1,
    "unit": 9,
    "share": "0.90"
  }
},
{
  "model": "fees.unitportion",
  "pk": 38,
  "fields": {
    "fee": 1,
    "unit": 16,
    "share": "0.10"
  }
},
{
  "model": "general.tag",
  "pk": 1,
  "fields": {
    "tag": "LOCK: This record is locked. See Details.",
    "policy": "This tag is only to be placed on records that have been locked due to a severe code violation, non-payment, or similar critical problems."
  }
},
{
  "model": "general.tag",
  "pk": 2,
  "fields": {
    "tag": "ALERT: See Details",
    "policy": "This tag can be used generally for any alert that does not fit a standard tag."
  }
},
{
  "model": "general.tag",
  "pk": 3,
  "fields": {
    "tag": "ALERT: See Use Permit",
    "policy": "This tag should be added to records that are associated with a Use Permit issued by Planning."
  }
},
{
  "model": "general.tag",
  "pk": 4,
  "fields": {
    "tag": "ALERT: Site-specific dangers.",
    "policy": "Add to records associated with a safety or health risk. Always add notes about the risk."
  }
},
{
  "model": "general.tag",
  "pk": 5,
  "fields": {
    "tag": "ALERT: County-Owned Project",
    "policy": "Add to records for property that is owned and/or operated by the County of Yolo."
  }
},
{
  "model": "general.tag",
  "pk": 6,
  "fields": {
    "tag": "ALERT: Fee Balance Due",
    "policy": "Add to records that have a balance due that must be paid."
  }
},
{
  "model": "general.tag",
  "pk": 7,
  "fields": {
    "tag": "ALERT: Flood Review Required.",
    "policy": "Add to records that require flood review."
  }
},
{
  "model": "general.tag",
  "pk": 8,
  "fields": {
    "tag": "ALERT: (TCO) Temporary Certificate of Occupancy. See Notes.",
    "policy": "Add to records that are associated with a TCO. Set an appropriate expiration date."
  }
},
{
  "model": "general.tag",
  "pk": 9,
  "fields": {
    "tag": "ALERT: Wildland-Urban Interface (WUI)",
    "policy": "Add to records within a wildland-urban interface area."
  }
},
{
  "model": "profiles.profile",
  "pk": 1,
  "fields": {
    "user": null,
    "first": "Angelina",
    "last": "Espinoza",
    "company_name": "Yolo County DCS",
    "email": "angelina.espinoza@yolocounty.org",
    "phone_number": "530-666-8775",
    "address": "292 W Beamer St",
    "city": "Woodland",
    "state": "CA",
    "zip": "95695"
  }
},
{
  "model": "profiles.profile",
  "pk": 2,
  "fields": {
    "user": null,
    "first": "Angelica",
    "last": "Yepez",
    "company_name": "Yolo County DCS",
    "email": "angelica.yepez@yolocounty.org",
    "phone_number": "530-666-8775",
    "address": "292 W Beamer St",
    "city": "Woodland",
    "state": "CA",
    "zip": "95695"
  }
},
{
  "model": "profiles.profile",
  "pk": 3,
  "fields": {
    "user": null,
    "first": "Cassandra",
    "last": "Mendoza",
    "company_name": "Yolo County DCS",
    "email": "cassandra.mendoza@yolocounty.org",
    "phone_number": "530-666-8775",
    "address": "292 W Beamer St",
    "city": "Woodland",
    "state": "CA",
    "zip": "95695"
  }
},
{
  "model": "profiles.profile",
  "pk": 4,
  "fields": {
    "user": null,
    "first": "Charlie",
    "last": "Tschudin",
    "company_name": "Yolo County DCS",
    "email": "charlie.tschudin@yolocounty.org",
    "phone_number": "530-666-8775",
    "address": "292 W Beamer St",
    "city": "Woodland",
    "state": "CA",
    "zip": "95695"
  }
},
{
  "model": "profiles.profile",
  "pk": 5,
  "fields": {
    "user": null,
    "first": "Deborah",
    "last": "Anderson",
    "company_name": "Yolo County DCS",
    "email": "deborah.anderson@yolocounty.org",
    "phone_number": "530-666-8775",
    "address": "292 W Beamer St",
    "city": "Woodland",
    "state": "CA",
    "zip": "95695"
  }
},
{
  "model": "profiles.profile",
  "pk": 6,
  "fields": {
    "user": null,
    "first": "Dawne",
    "last": "Koranda",
    "company_name": "Yolo County DCS",
    "email": "dawne.koranda@yolocounty.org",
    "phone_number": "530-666-8775",
    "address": "292 W Beamer St",
    "city": "Woodland",
    "state": "CA",
    "zip": "95695"
  }
},
{
  "model": "profiles.profile",
  "pk": 7,
  "fields": {
    "user": null,
    "first": "Josephine",
    "last": "Acevedo",
    "company_name": "Yolo County ACE",
    "email": "josephine.acevedo@yolocounty.org",
    "phone_number": "530-666-8775",
    "address": "56465465",
    "city": "Woodland",
    "state": "CA",
    "zip": "95695"
  }
},
{
  "model": "profiles.profile",
  "pk": 8,
  "fields": {
    "user": null,
    "first": "Jeff",
    "last": "Anderson",
    "company_name": "Yolo County DCS",
    "email": "jeff.anderson@yolocounty.org",
    "phone_number": "530-666-8775",
    "address": "292 W Beamer St",
    "city": "Woodland",
    "state": "CA",
    "zip": "95695"
  }
},
{
  "model": "profiles.profile",
  "pk": 9,
  "fields": {
    "user": null,
    "first": "Jair",
    "last": "Bautisa",
    "company_name": "Yolo County DCS",
    "email": "jair.bautista@yolocounty.org",
    "phone_number": "530-666-8775",
    "address": "292 W Beamer St",
    "city": "Woodland",
    "state": "CA",
    "zip": "95695"
  }
},
{
  "model": "profiles.profile",
  "pk": 10,
  "fields": {
    "user": null,
    "first": "Jianmin",
    "last": "Huang",
    "company_name": "Yolo County DCS",
    "email": "jianmin.huang@yolocounty.org",
    "phone_number": "530-666-8775",
    "address": "292 W Beamer St",
    "city": "Woodland",
    "state": "CA",
    "zip": "95695"
  }
},
{
  "model": "profiles.profile",
  "pk": 11,
  "fields": {
    "user": null,
    "first": "Josue",
    "last": "Pimentel-Morra",
    "company_name": "Yolo County DCS",
    "email": "josue.pimentel@yolocounty.org",
    "phone_number": "530-666-8775",
    "address": "292 W Beamer St",
    "city": "Woodland",
    "state": "CA",
    "zip": "95695"
  }
},
{
  "model": "profiles.profile",
  "pk": 12,
  "fields": {
    "user": null,
    "first": "JD",
    "last": "Trebec",
    "company_name": "Yolo County DCS",
    "email": "jd.trebec@yolocounty.org",
    "phone_number": "530-666-8775",
    "address": "292 W Beamer St",
    "city": "Woodland",
    "state": "CA",
    "zip": "95695"
  }
},
{
  "model": "profiles.profile",
  "pk": 13,
  "fields": {
    "user": null,
    "first": "Jeremy",
    "last": "Van Horn",
    "company_name": "Yolo County DCS",
    "email": "jeremy.vanhorn@yolocounty.org",
    "phone_number": "530-666-8775",
    "address": "292 W Beamer St",
    "city": "Woodland",
    "state": "CA",
    "zip": "95695"
  }
},
{
  "model": "profiles.profile",
  "pk": 14,
  "fields": {
    "user": null,
    "first": "Maryam",
    "last": "Farhoudi",
    "company_name": "Yolo County DCS",
    "email": "maryam.farhoodi@yolocounty.org ",
    "phone_number": "530-666-8775",
    "address": "292 W Beamer St",
    "city": "Woodland",
    "state": "CA",
    "zip": "95695"
  }
},
{
  "model": "profiles.profile",
  "pk": 15,
  "fields": {
    "user": null,
    "first": "Marlin",
    "last": "Nardiello",
    "company_name": "Yolo County DCS",
    "email": "marlin.nardiello@yolocounty.org",
    "phone_number": "530-666-8775",
    "address": "292 W Beamer St",
    "city": "Woodland",
    "state": "CA",
    "zip": "95695"
  }
},
{
  "model": "profiles.profile",
  "pk": 16,
  "fields": {
    "user": null,
    "first": "Pam",
    "last": "Hedrick",
    "company_name": "Yolo County DCS",
    "email": "pam.hedrick@yolocounty.org",
    "phone_number": "530-666-8775",
    "address": "292 W Beamer St",
    "city": "Woodland",
    "state": "CA",
    "zip": "95695"
  }
},
{
  "model": "profiles.profile",
  "pk": 17,
  "fields": {
    "user": null,
    "first": "Scott",
    "last": "Doolittle",
    "company_name": "Yolo County DCS",
    "email": "scott.doolittle@yolocounty.org",
    "phone_number": "530-666-8775",
    "address": "292 W Beamer St",
    "city": "Woodland",
    "state": "CA",
    "zip": "95695"
  }
},
{
  "model": "profiles.profile",
  "pk": 18,
  "fields": {
    "user": null,
    "first": "Stacey",
    "last": "Castagnola",
    "company_name": "Yolo County DCS",
    "email": "stacey.castagnola@yolocounty.org",
    "phone_number": "530-666-8775",
    "address": "292 W Beamer St",
    "city": "Woodland",
    "state": "CA",
    "zip": "95695"
  }
},
{
  "model": "profiles.profile",
  "pk": 19,
  "fields": {
    "user": null,
    "first": "Stephanie",
    "last": "Cormier",
    "company_name": "Yolo County DCS",
    "email": "stephanie.cormier@yolocounty.org",
    "phone_number": "530-666-8775",
    "address": "292 W Beamer St",
    "city": "Woodland",
    "state": "CA",
    "zip": "95695"
  }
},
{
  "model": "profiles.profile",
  "pk": 20,
  "fields": {
    "user": null,
    "first": "Suzie",
    "last": "Dawley",
    "company_name": "Yolo County DCS",
    "email": "susie.dawlwy@yolocounty.org",
    "phone_number": "530-666-8775",
    "address": "292 W Beamer St",
    "city": "Woodland",
    "state": "CA",
    "zip": "95695"
  }
},
{
  "model": "profiles.profile",
  "pk": 21,
  "fields": {
    "user": null,
    "first": "Shriti",
    "last": "Jeet",
    "company_name": "Yolo County DCS",
    "email": "shriti.jeet@yolocounty.org",
    "phone_number": "530-666-8775",
    "address": "292 W Beamer St",
    "city": "Woodland",
    "state": "CA",
    "zip": "95695"
  }
},
{
  "model": "profiles.profile",
  "pk": 22,
  "fields": {
    "user": null,
    "first": "Su",
    "last": "Lee",
    "company_name": "Yolo County DCS",
    "email": "su.lee@yolocounty.org",
    "phone_number": "530-666-8775",
    "address": "292 W Beamer St",
    "city": "Woodland",
    "state": "CA",
    "zip": "95695"
  }
},
{
  "model": "profiles.profile",
  "pk": 23,
  "fields": {
    "user": null,
    "first": "Shelby",
    "last": "Miliren",
    "company_name": "Yolo County DCS",
    "email": "shelby.milliren@yolocounty.org ",
    "phone_number": "530-666-8775",
    "address": "292 W Beamer St",
    "city": "Woodland",
    "state": "CA",
    "zip": "95695"
  }
},
{
  "model": "profiles.profile",
  "pk": 24,
  "fields": {
    "user": null,
    "first": "Test",
    "last": "Architect",
    "company_name": "Architects R Us",
    "email": "fake@test.com3",
    "phone_number": "123456789",
    "address": "56465465",
    "city": "city",
    "state": "CA",
    "zip": "95000"
  }
},
{
  "model": "profiles.profile",
  "pk": 25,
  "fields": {
    "user": null,
    "first": "Test",
    "last": "Contractor",
    "company_name": "Contractors R Us",
    "email": "fake@test.com4",
    "phone_number": "123456789",
    "address": "56465465",
    "city": "city",
    "state": "CA",
    "zip": "95000"
  }
},
{
  "model": "profiles.profile",
  "pk": 26,
  "fields": {
    "user": null,
    "first": "Test",
    "last": "Engineer",
    "company_name": "Engineers R Us",
    "email": "fake@test.com17",
    "phone_number": "123456789",
    "address": "56465465",
    "city": "city",
    "state": "CA",
    "zip": "95000"
  }
},
{
  "model": "profiles.profile",
  "pk": 27,
  "fields": {
    "user": null,
    "first": "Tracy",
    "last": "Gonzalez",
    "company_name": "Yolo County DCS",
    "email": "tracy.gonzalez@yolocounty.org",
    "phone_number": "530-666-8775",
    "address": "292 W Beamer St",
    "city": "Woodland",
    "state": "CA",
    "zip": "95695"
  }
},
{
  "model": "profiles.profile",
  "pk": 28,
  "fields": {
    "user": null,
    "first": "Touyer",
    "last": "Lee",
    "company_name": "Yolo County DCS",
    "email": "touyer.less@yolocounty.org",
    "phone_number": "530-666-8775",
    "address": "292 W Beamer St",
    "city": "Woodland",
    "state": "CA",
    "zip": "95695"
  }
},
{
  "model": "profiles.profile",
  "pk": 29,
  "fields": {
    "user": null,
    "first": "Test",
    "last": "Owner",
    "company_name": "Ione It",
    "email": "fake@test.com11",
    "phone_number": "123456789",
    "address": "56465465",
    "city": "city",
    "state": "CA",
    "zip": "95000"
  }
},
{
  "model": "profiles.profile",
  "pk": 30,
  "fields": {
    "user": null,
    "first": "Test",
    "last": "Partner",
    "company_name": "Fire District",
    "email": "fake@test.com1",
    "phone_number": "123456789",
    "address": "56465465",
    "city": "city",
    "state": "CA",
    "zip": "95000"
  }
},
{
  "model": "profiles.profile",
  "pk": 31,
  "fields": {
    "user": null,
    "first": "Test",
    "last": "Surveyor",
    "company_name": "Surveyors R Us",
    "email": "fake@test.com16",
    "phone_number": "123456789",
    "address": "56465465",
    "city": "city",
    "state": "CA",
    "zip": "95000"
  }
},
{
  "model": "profiles.licenseagency",
  "pk": 1,
  "fields": {
    "agency_short": "ACE",
    "agency_long": "California Architects Board"
  }
},
{
  "model": "profiles.licenseagency",
  "pk": 2,
  "fields": {
    "agency_short": "ASCE",
    "agency_long": "Americal Society of Civil Engineers"
  }
},
{
  "model": "profiles.licenseagency",
  "pk": 3,
  "fields": {
    "agency_short": "CSLB",
    "agency_long": "Contractors State License Board"
  }
},
{
  "model": "profiles.licenseagency",
  "pk": 4,
  "fields": {
    "agency_short": "ICC",
    "agency_long": "International Code Council"
  }
},
{
  "model": "profiles.licenseagency",
  "pk": 5,
  "fields": {
    "agency_short": "PELS",
    "agency_long": "Board for Professional Engineers, Land Surveyors, and Geologists"
  }
},
{
  "model": "profiles.licensetype",
  "pk": 1,
  "fields": {
    "licensing_agency": null,
    "license_short": "Arch",
    "license_long": "Architect"
  }
},
{
  "model": "profiles.licensetype",
  "pk": 2,
  "fields": {
    "licensing_agency": null,
    "license_short": "PE",
    "license_long": "Civil Engineer"
  }
},
{
  "model": "profiles.licensetype",
  "pk": 3,
  "fields": {
    "licensing_agency": null,
    "license_short": "GE",
    "license_long": "Geotechnical Engineer"
  }
},
{
  "model": "profiles.licensetype",
  "pk": 4,
  "fields": {
    "licensing_agency": null,
    "license_short": "SE",
    "license_long": "Structural Engineer"
  }
},
{
  "model": "profiles.licensetype",
  "pk": 5,
  "fields": {
    "licensing_agency": null,
    "license_short": "LLS",
    "license_long": "Licensed Land Surveyor"
  }
},
{
  "model": "profiles.licensetype",
  "pk": 6,
  "fields": {
    "licensing_agency": null,
    "license_short": "A",
    "license_long": "General Engineering Contractor"
  }
},
{
  "model": "profiles.licensetype",
  "pk": 7,
  "fields": {
    "licensing_agency": null,
    "license_short": "B",
    "license_long": "General Contractor"
  }
},
{
  "model": "profiles.licensetype",
  "pk": 8,
  "fields": {
    "licensing_agency": null,
    "license_short": "B-2",
    "license_long": "Residential Remodeling Contractor"
  }
},
{
  "model": "profiles.licensetype",
  "pk": 9,
  "fields": {
    "licensing_agency": null,
    "license_short": "C-2",
    "license_long": "Insulation and Acoustical Contractor"
  }
},
{
  "model": "profiles.licensetype",
  "pk": 10,
  "fields": {
    "licensing_agency": null,
    "license_short": "C-4",
    "license_long": "Boiler, Hot Water Heating and Steam Fitting Contractor"
  }
},
{
  "model": "profiles.licensetype",
  "pk": 11,
  "fields": {
    "licensing_agency": null,
    "license_short": "C-5",
    "license_long": "Framing and Rough Carpentry Contractor"
  }
},
{
  "model": "profiles.licensetype",
  "pk": 12,
  "fields": {
    "licensing_agency": null,
    "license_short": "C-6",
    "license_long": "Cabinet, Millwork and Finish Carpentry Contractor"
  }
},
{
  "model": "profiles.licensetype",
  "pk": 13,
  "fields": {
    "licensing_agency": null,
    "license_short": "C-7",
    "license_long": "Low Voltage Systems Contractor"
  }
},
{
  "model": "profiles.licensetype",
  "pk": 14,
  "fields": {
    "licensing_agency": null,
    "license_short": "C-8",
    "license_long": "Concrete Contractor"
  }
},
{
  "model": "profiles.licensetype",
  "pk": 15,
  "fields": {
    "licensing_agency": null,
    "license_short": "C-9",
    "license_long": "Drywall Contractor"
  }
},
{
  "model": "profiles.licensetype",
  "pk": 16,
  "fields": {
    "licensing_agency": null,
    "license_short": "C-10",
    "license_long": "Electrical Contractor"
  }
},
{
  "model": "profiles.licensetype",
  "pk": 17,
  "fields": {
    "licensing_agency": null,
    "license_short": "C-11",
    "license_long": "Elevator Contractor"
  }
},
{
  "model": "profiles.licensetype",
  "pk": 18,
  "fields": {
    "licensing_agency": null,
    "license_short": "C-12",
    "license_long": "Earthwork and Paving Contractors"
  }
},
{
  "model": "profiles.licensetype",
  "pk": 19,
  "fields": {
    "licensing_agency": null,
    "license_short": "C-13",
    "license_long": "Fencing Contractor"
  }
},
{
  "model": "profiles.licensetype",
  "pk": 20,
  "fields": {
    "licensing_agency": null,
    "license_short": "C-15",
    "license_long": "Flooring and Floor Covering Contractors"
  }
},
{
  "model": "profiles.licensetype",
  "pk": 21,
  "fields": {
    "licensing_agency": null,
    "license_short": "C-16",
    "license_long": "Fire Protection Contractor"
  }
},
{
  "model": "profiles.licensetype",
  "pk": 22,
  "fields": {
    "licensing_agency": null,
    "license_short": "C-17",
    "license_long": "Glazing Contractor"
  }
},
{
  "model": "profiles.licensetype",
  "pk": 23,
  "fields": {
    "licensing_agency": null,
    "license_short": "C-20",
    "license_long": "Warm-Air Heating, Ventilating and Air-Conditioning Contractor"
  }
},
{
  "model": "profiles.licensetype",
  "pk": 24,
  "fields": {
    "licensing_agency": null,
    "license_short": "C-21",
    "license_long": "Building Moving/Demolition Contractor"
  }
},
{
  "model": "profiles.licensetype",
  "pk": 25,
  "fields": {
    "licensing_agency": null,
    "license_short": "C-22",
    "license_long": "Asbestos Abatement Contractor"
  }
},
{
  "model": "profiles.licensetype",
  "pk": 26,
  "fields": {
    "licensing_agency": null,
    "license_short": "C-23",
    "license_long": "Ornamental Metal Contractor"
  }
},
{
  "model": "profiles.licensetype",
  "pk": 27,
  "fields": {
    "licensing_agency": null,
    "license_short": "C-27",
    "license_long": "Landscaping Contractor"
  }
},
{
  "model": "profiles.licensetype",
  "pk": 28,
  "fields": {
    "licensing_agency": null,
    "license_short": "C-28",
    "license_long": "Lock and Security Equipment Contractor"
  }
},
{
  "model": "profiles.licensetype",
  "pk": 29,
  "fields": {
    "licensing_agency": null,
    "license_short": "C-29",
    "license_long": "Masonry Contractor"
  }
},
{
  "model": "profiles.licensetype",
  "pk": 30,
  "fields": {
    "licensing_agency": null,
    "license_short": "C-31",
    "license_long": "Construction Zone Traffic Control Contractor"
  }
},
{
  "model": "profiles.licensetype",
  "pk": 31,
  "fields": {
    "licensing_agency": null,
    "license_short": "C-32",
    "license_long": "Parking and Highway Improvement Contractor"
  }
},
{
  "model": "profiles.licensetype",
  "pk": 32,
  "fields": {
    "licensing_agency": null,
    "license_short": "C-33",
    "license_long": "Painting and Decorating Contractor"
  }
},
{
  "model": "profiles.licensetype",
  "pk": 33,
  "fields": {
    "licensing_agency": null,
    "license_short": "C-34",
    "license_long": "Pipeline Contractor"
  }
},
{
  "model": "profiles.licensetype",
  "pk": 34,
  "fields": {
    "licensing_agency": null,
    "license_short": "C-35",
    "license_long": "Lathing and Plastering Contractor"
  }
},
{
  "model": "profiles.licensetype",
  "pk": 35,
  "fields": {
    "licensing_agency": null,
    "license_short": "C-36",
    "license_long": "Plumbing Contractor"
  }
},
{
  "model": "profiles.licensetype",
  "pk": 36,
  "fields": {
    "licensing_agency": null,
    "license_short": "C-38",
    "license_long": "Refrigeration Contractor"
  }
},
{
  "model": "profiles.licensetype",
  "pk": 37,
  "fields": {
    "licensing_agency": null,
    "license_short": "C-39",
    "license_long": "Roofing Contractor"
  }
},
{
  "model": "profiles.licensetype",
  "pk": 38,
  "fields": {
    "licensing_agency": null,
    "license_short": "C-42",
    "license_long": "Sanitation System Contractor"
  }
},
{
  "model": "profiles.licensetype",
  "pk": 39,
  "fields": {
    "licensing_agency": null,
    "license_short": "C-43",
    "license_long": "Sheet Metal Contractor"
  }
},
{
  "model": "profiles.licensetype",
  "pk": 40,
  "fields": {
    "licensing_agency": null,
    "license_short": "C-45",
    "license_long": "Sign Contractor"
  }
},
{
  "model": "profiles.licensetype",
  "pk": 41,
  "fields": {
    "licensing_agency": null,
    "license_short": "C-46",
    "license_long": "Solar Contractor"
  }
},
{
  "model": "profiles.licensetype",
  "pk": 42,
  "fields": {
    "licensing_agency": null,
    "license_short": "C-47",
    "license_long": "General Manufactured Housing Contractor"
  }
},
{
  "model": "profiles.licensetype",
  "pk": 43,
  "fields": {
    "licensing_agency": null,
    "license_short": "C-49",
    "license_long": "Tree and Palm Contractor"
  }
},
{
  "model": "profiles.licensetype",
  "pk": 44,
  "fields": {
    "licensing_agency": null,
    "license_short": "C-50",
    "license_long": "Reinforcing Steel Contractor"
  }
},
{
  "model": "profiles.licensetype",
  "pk": 45,
  "fields": {
    "licensing_agency": null,
    "license_short": "C-51",
    "license_long": "Structural Steel Contractor"
  }
},
{
  "model": "profiles.licensetype",
  "pk": 46,
  "fields": {
    "licensing_agency": null,
    "license_short": "C-53",
    "license_long": "Swimming Pool Contractor"
  }
},
{
  "model": "profiles.licensetype",
  "pk": 47,
  "fields": {
    "licensing_agency": null,
    "license_short": "C-54",
    "license_long": "Ceramic and Mosaic Tile Contractor"
  }
},
{
  "model": "profiles.licensetype",
  "pk": 48,
  "fields": {
    "licensing_agency": null,
    "license_short": "C-55",
    "license_long": "Water Conditioning Contractor"
  }
},
{
  "model": "profiles.licensetype",
  "pk": 49,
  "fields": {
    "licensing_agency": null,
    "license_short": "C-57",
    "license_long": "Well Drilling Contractor"
  }
},
{
  "model": "profiles.licensetype",
  "pk": 50,
  "fields": {
    "licensing_agency": null,
    "license_short": "C-60",
    "license_long": "Welding Contractor"
  }
},
{
  "model": "profiles.licensetype",
  "pk": 51,
  "fields": {
    "licensing_agency": null,
    "license_short": "C-61",
    "license_long": "Limited Specialty"
  }
},
{
  "model": "profiles.licensetype",
  "pk": 52,
  "fields": {
    "licensing_agency": null,
    "license_short": "ASB",
    "license_long": "Asbestos Certification"
  }
},
{
  "model": "profiles.licensetype",
  "pk": 53,
  "fields": {
    "licensing_agency": null,
    "license_short": "HAZ",
    "license_long": "Hazardous Substance Removal Certification"
  }
},
{
  "model": "profiles.agencyoptions",
  "pk": 1,
  "fields": {
    "agency_option_short": "Capay Fire",
    "agency_option_full": "Capay Fire District"
  }
},
{
  "model": "profiles.agencyoptions",
  "pk": 2,
  "fields": {
    "agency_option_short": "Davis Fire",
    "agency_option_full": "City of Davis Fire Department"
  }
},
{
  "model": "profiles.agencyoptions",
  "pk": 3,
  "fields": {
    "agency_option_short": "Dunnigan Fire",
    "agency_option_full": "Dunnigan Fire District"
  }
},
{
  "model": "profiles.agencyoptions",
  "pk": 4,
  "fields": {
    "agency_option_short": "Esparto Fire",
    "agency_option_full": "Esparto Fire District"
  }
},
{
  "model": "profiles.agencyoptions",
  "pk": 5,
  "fields": {
    "agency_option_short": "Knights Landing Fire",
    "agency_option_full": "Knights Landing Fire District"
  }
},
{
  "model": "profiles.agencyoptions",
  "pk": 6,
  "fields": {
    "agency_option_short": "Madison Fire",
    "agency_option_full": "Madison Fire District"
  }
},
{
  "model": "profiles.agencyoptions",
  "pk": 7,
  "fields": {
    "agency_option_short": "West Plainfield Fire",
    "agency_option_full": "West Plainfield Fire District"
  }
},
{
  "model": "profiles.agencyoptions",
  "pk": 8,
  "fields": {
    "agency_option_short": "West Sac Fire",
    "agency_option_full": "City of West Sacramento Fire Department"
  }
},
{
  "model": "profiles.agencyoptions",
  "pk": 9,
  "fields": {
    "agency_option_short": "Winters Fire",
    "agency_option_full": "City of Winters Fire Department"
  }
},
{
  "model": "profiles.agencyoptions",
  "pk": 10,
  "fields": {
    "agency_option_short": "Woodland Fire",
    "agency_option_full": "City of Woodland Fire Department"
  }
},
{
  "model": "profiles.agencyoptions",
  "pk": 11,
  "fields": {
    "agency_option_short": "Yolo County",
    "agency_option_full": "County of Yolo"
  }
},
{
  "model": "profiles.agencyoptions",
  "pk": 12,
  "fields": {
    "agency_option_short": "Yolo Fire",
    "agency_option_full": "Yolo Fire District"
  }
},
{
  "model": "profiles.agencyoptions",
  "pk": 13,
  "fields": {
    "agency_option_short": "YSAQMD",
    "agency_option_full": "Yolo Solano Air Quality Management District"
  }
},
{
  "model": "profiles.departmentoptions",
  "pk": 1,
  "fields": {
    "department_option_short": "ACE",
    "department_option_full": "Assessor-Clerk/Recorder-Elections"
  }
},
{
  "model": "profiles.departmentoptions",
  "pk": 2,
  "fields": {
    "department_option_short": "AG",
    "department_option_full": "Agriculture Weights & Measure"
  }
},
{
  "model": "profiles.departmentoptions",
  "pk": 3,
  "fields": {
    "department_option_short": "CAO",
    "department_option_full": "County Administrator"
  }
},
{
  "model": "profiles.departmentoptions",
  "pk": 4,
  "fields": {
    "department_option_short": "DCS",
    "department_option_full": "Department of Community Services"
  }
},
{
  "model": "profiles.departmentoptions",
  "pk": 5,
  "fields": {
    "department_option_short": "CC",
    "department_option_full": "County Counsel"
  }
},
{
  "model": "profiles.departmentoptions",
  "pk": 6,
  "fields": {
    "department_option_short": "DA",
    "department_option_full": "District Attorney"
  }
},
{
  "model": "profiles.departmentoptions",
  "pk": 7,
  "fields": {
    "department_option_short": "DFS",
    "department_option_full": "Financial Services"
  }
},
{
  "model": "profiles.departmentoptions",
  "pk": 8,
  "fields": {
    "department_option_short": "GSD",
    "department_option_full": "General Services"
  }
},
{
  "model": "profiles.departmentoptions",
  "pk": 9,
  "fields": {
    "department_option_short": "HHSA",
    "department_option_full": "Health & Human Services"
  }
},
{
  "model": "profiles.departmentoptions",
  "pk": 10,
  "fields": {
    "department_option_short": "HR",
    "department_option_full": "Human Resources"
  }
},
{
  "model": "profiles.departmentoptions",
  "pk": 11,
  "fields": {
    "department_option_short": "LIB",
    "department_option_full": "Library"
  }
},
{
  "model": "profiles.departmentoptions",
  "pk": 12,
  "fields": {
    "department_option_short": "OES",
    "department_option_full": "Office of Emergency Services"
  }
},
{
  "model": "profiles.departmentoptions",
  "pk": 13,
  "fields": {
    "department_option_short": "PARKS",
    "department_option_full": "Parks"
  }
},
{
  "model": "profiles.departmentoptions",
  "pk": 14,
  "fields": {
    "department_option_short": "PROB",
    "department_option_full": "Probation"
  }
},
{
  "model": "profiles.departmentoptions",
  "pk": 15,
  "fields": {
    "department_option_short": "YCPD",
    "department_option_full": "Public Defender"
  }
},
{
  "model": "profiles.departmentoptions",
  "pk": 16,
  "fields": {
    "department_option_short": "YCPG",
    "department_option_full": "Public Guardian"
  }
},
{
  "model": "profiles.departmentoptions",
  "pk": 17,
  "fields": {
    "department_option_short": "YCSO",
    "department_option_full": "Sheriff-Coroners"
  }
},
{
  "model": "profiles.divisionoptions",
  "pk": 1,
  "fields": {
    "division_options": "Building"
  }
},
{
  "model": "profiles.divisionoptions",
  "pk": 2,
  "fields": {
    "division_options": "Public Works"
  }
},
{
  "model": "profiles.divisionoptions",
  "pk": 3,
  "fields": {
    "division_options": "Planning"
  }
},
{
  "model": "profiles.divisionoptions",
  "pk": 4,
  "fields": {
    "division_options": "Env. Health"
  }
},
{
  "model": "profiles.divisionoptions",
  "pk": 5,
  "fields": {
    "division_options": "Fiscal-Admin"
  }
},
{
  "model": "profiles.divisionoptions",
  "pk": 6,
  "fields": {
    "division_options": "Int. Waste"
  }
}
]
